{
  "training": {
    "training_time_seconds": 0.0040166378021240234,
    "best_epoch": 1,
    "total_epochs": 1
  },
  "metrics": {
    "train": {
      "accuracy": 0.9897122737525444,
      "balanced_accuracy": 0.9897122737525444,
      "precision_macro": 0.9899123897886867,
      "recall_macro": 0.9897122737525444,
      "f1_macro": 0.9895991544723349,
      "precision_weighted": 0.9899123897886868,
      "recall_weighted": 0.9897122737525444,
      "f1_weighted": 0.9895991544723348,
      "mcc": 0.987737754041821,
      "confusion_matrix": [
        [
          6059,
          0,
          0,
          0,
          0,
          0
        ],
        [
          0,
          6059,
          0,
          0,
          0,
          0
        ],
        [
          0,
          0,
          6059,
          0,
          0,
          0
        ],
        [
          55,
          191,
          32,
          5685,
          56,
          40
        ],
        [
          0,
          0,
          0,
          0,
          6059,
          0
        ],
        [
          0,
          0,
          0,
          0,
          0,
          6059
        ]
      ],
      "per_class_precision": [
        0.9910042525351652,
        0.96944,
        0.9947463470694468,
        1.0,
        0.9908421913327883,
        0.9934415477947205
      ],
      "per_class_recall": [
        1.0,
        1.0,
        1.0,
        0.9382736425152666,
        1.0,
        1.0
      ],
      "per_class_f1": [
        0.9954818039924422,
        0.984482898692014,
        0.9973662551440329,
        0.9681539509536785,
        0.9954000328569081,
        0.9967099851949334
      ]
    },
    "val": {
      "accuracy": 0.9322757779133618,
      "balanced_accuracy": 0.8149720158958034,
      "precision_macro": 0.6920007918012715,
      "recall_macro": 0.8149720158958034,
      "f1_macro": 0.7445982437756303,
      "precision_weighted": 0.9499863973191642,
      "recall_weighted": 0.9322757779133618,
      "f1_weighted": 0.9364141928067798,
      "mcc": 0.8437994312812243,
      "confusion_matrix": [
        [
          47,
          0,
          0,
          0,
          0,
          0
        ],
        [
          0,
          151,
          0,
          0,
          0,
          0
        ],
        [
          0,
          0,
          36,
          1,
          0,
          0
        ],
        [
          11,
          64,
          9,
          1191,
          19,
          5
        ],
        [
          0,
          0,
          0,
          0,
          103,
          0
        ],
        [
          0,
          1,
          0,
          1,
          0,
          0
        ]
      ],
      "per_class_precision": [
        0.8103448275862069,
        0.6990740740740741,
        0.8,
        0.9983235540653814,
        0.8442622950819673,
        0.0
      ],
      "per_class_recall": [
        1.0,
        1.0,
        0.972972972972973,
        0.9168591224018475,
        1.0,
        0.0
      ],
      "per_class_f1": [
        0.8952380952380953,
        0.8228882833787466,
        0.8780487804878049,
        0.9558587479935795,
        0.9155555555555556,
        0.0
      ]
    },
    "test": {
      "accuracy": 0.938987187309335,
      "balanced_accuracy": 0.8163833579537968,
      "precision_macro": 0.7043634941693614,
      "recall_macro": 0.8163833579537968,
      "f1_macro": 0.7531287651718492,
      "precision_weighted": 0.9560855412285915,
      "recall_weighted": 0.938987187309335,
      "f1_weighted": 0.9440744913319489,
      "mcc": 0.8563604149350403,
      "confusion_matrix": [
        [
          47,
          0,
          0,
          0,
          0,
          0
        ],
        [
          0,
          151,
          0,
          0,
          0,
          0
        ],
        [
          0,
          0,
          36,
          1,
          0,
          0
        ],
        [
          8,
          50,
          12,
          1202,
          15,
          12
        ],
        [
          0,
          0,
          0,
          0,
          103,
          0
        ],
        [
          0,
          0,
          0,
          2,
          0,
          0
        ]
      ],
      "per_class_precision": [
        0.8545454545454545,
        0.7512437810945274,
        0.75,
        0.9975103734439834,
        0.8728813559322034,
        0.0
      ],
      "per_class_recall": [
        1.0,
        1.0,
        0.972972972972973,
        0.9253271747498075,
        1.0,
        0.0
      ],
      "per_class_f1": [
        0.9215686274509803,
        0.8579545454545454,
        0.8470588235294118,
        0.9600638977635783,
        0.9321266968325792,
        0.0
      ]
    }
  }
}