,mlp,forest,xgboost,mlp,transformer,knn,transformer
mlp,1.0,0.8057997638105235,0.8591714434601355,0.2066798781961429,0.9196058091286307,0.3013642000826788,0.2720044584804013
forest,0.8057997638105235,1.0,0.8880197015790237,0.18605348662834292,0.8228970706799248,0.3312228866221128,0.2281524490099747
xgboost,0.8591714434601355,0.8880197015790237,1.0,0.1967804059058812,0.8918010752688172,0.3197241072421849,0.2484444278847945
mlp,0.2066798781961429,0.18605348662834292,0.1967804059058812,1.0,0.20818496658699576,0.10888801494444991,0.39228903518442687
transformer,0.9196058091286307,0.8228970706799248,0.8918010752688172,0.20818496658699576,1.0,0.30690564048497626,0.27162015764503716
knn,0.3013642000826788,0.3312228866221128,0.3197241072421849,0.10888801494444991,0.30690564048497626,1.0,0.10089585278959566
transformer,0.2720044584804013,0.2281524490099747,0.2484444278847945,0.39228903518442687,0.27162015764503716,0.10089585278959566,1.0
