,mlp,forest,xgboost
mlp,1.0,0.8057997638105235,0.8591714434601355
forest,0.8057997638105235,1.0,0.8880197015790237
xgboost,0.8591714434601355,0.8880197015790237,1.0
