{
  "training": {
    "training_time_seconds": 0.17337441444396973,
    "best_epoch": 1,
    "total_epochs": 1
  },
  "metrics": {
    "train": {
      "accuracy": 0.8962700115530615,
      "balanced_accuracy": 0.8962700115530615,
      "precision_macro": 0.9013438320461468,
      "recall_macro": 0.8962700115530615,
      "f1_macro": 0.8880109994149367,
      "precision_weighted": 0.9013438320461468,
      "recall_weighted": 0.8962700115530615,
      "f1_weighted": 0.8880109994149367,
      "mcc": 0.8789062932197933,
      "confusion_matrix": [
        [
          5851,
          160,
          23,
          0,
          0,
          25
        ],
        [
          71,
          5391,
          137,
          167,
          47,
          246
        ],
        [
          0,
          0,
          6059,
          0,
          0,
          0
        ],
        [
          343,
          908,
          657,
          3292,
          270,
          589
        ],
        [
          0,
          80,
          22,
          14,
          5931,
          12
        ],
        [
          0,
          0,
          0,
          0,
          0,
          6059
        ]
      ],
      "per_class_precision": [
        0.9339185953711093,
        0.8244379874598562,
        0.8783705421861409,
        0.9478836740570112,
        0.9492637644046095,
        0.8741884287981532
      ],
      "per_class_recall": [
        0.9656709027892392,
        0.8897507839577488,
        1.0,
        0.5433239808549265,
        0.9788744017164549,
        1.0
      ],
      "per_class_f1": [
        0.9495293735800064,
        0.8558501349420543,
        0.9352473566411978,
        0.6907259756609316,
        0.9638417160965305,
        0.9328714395688992
      ]
    },
    "val": {
      "accuracy": 0.6388041488712629,
      "balanced_accuracy": 0.7371192798994434,
      "precision_macro": 0.4366001736093361,
      "recall_macro": 0.7371192798994434,
      "f1_macro": 0.48793172945340996,
      "precision_weighted": 0.8814919753224307,
      "recall_weighted": 0.6388041488712629,
      "f1_weighted": 0.6918963677480727,
      "mcc": 0.5007404851489992,
      "confusion_matrix": [
        [
          46,
          0,
          1,
          0,
          0,
          0
        ],
        [
          3,
          135,
          3,
          4,
          1,
          5
        ],
        [
          0,
          0,
          37,
          0,
          0,
          0
        ],
        [
          82,
          185,
          142,
          727,
          53,
          110
        ],
        [
          0,
          1,
          0,
          0,
          102,
          0
        ],
        [
          0,
          1,
          0,
          1,
          0,
          0
        ]
      ],
      "per_class_precision": [
        0.3511450381679389,
        0.4192546583850932,
        0.20218579234972678,
        0.9931693989071039,
        0.6538461538461539,
        0.0
      ],
      "per_class_recall": [
        0.9787234042553191,
        0.8940397350993378,
        1.0,
        0.5596612779060816,
        0.9902912621359223,
        0.0
      ],
      "per_class_f1": [
        0.5168539325842697,
        0.5708245243128964,
        0.33636363636363636,
        0.7159034958148696,
        0.7876447876447876,
        0.0
      ]
    },
    "test": {
      "accuracy": 0.6101281269066504,
      "balanced_accuracy": 0.7242001177624552,
      "precision_macro": 0.4202829783133118,
      "recall_macro": 0.7242001177624552,
      "f1_macro": 0.4686665651704001,
      "precision_weighted": 0.8725995287637817,
      "recall_weighted": 0.6101281269066504,
      "f1_weighted": 0.6625931229337517,
      "mcc": 0.4779258876010428,
      "confusion_matrix": [
        [
          44,
          3,
          0,
          0,
          0,
          0
        ],
        [
          1,
          138,
          1,
          4,
          1,
          6
        ],
        [
          0,
          0,
          37,
          0,
          0,
          0
        ],
        [
          77,
          196,
          154,
          681,
          74,
          117
        ],
        [
          0,
          2,
          0,
          1,
          100,
          0
        ],
        [
          0,
          0,
          0,
          2,
          0,
          0
        ]
      ],
      "per_class_precision": [
        0.36065573770491804,
        0.40707964601769914,
        0.19270833333333334,
        0.9898255813953488,
        0.5714285714285714,
        0.0
      ],
      "per_class_recall": [
        0.9361702127659575,
        0.9139072847682119,
        1.0,
        0.5242494226327945,
        0.970873786407767,
        0.0
      ],
      "per_class_f1": [
        0.5207100591715976,
        0.563265306122449,
        0.3231441048034934,
        0.6854554604932058,
        0.7194244604316546,
        0.0
      ]
    }
  }
}