{
  "epochs": [
    1
  ],
  "train_loss": [],
  "val_loss": [],
  "train_accuracy": [
    0.8962700115530615
  ],
  "val_accuracy": [
    0.6388041488712629
  ],
  "best_epoch": 1,
  "training_time_seconds": 0.17337441444396973
}