{
  "training": {
    "training_time_seconds": 56.14727210998535,
    "best_epoch": 18,
    "total_epochs": 20
  },
  "metrics": {
    "train": {
      "accuracy": 0.9615998239533476,
      "balanced_accuracy": 0.9615998239533475,
      "precision_macro": 0.9634441259540295,
      "recall_macro": 0.9615998239533475,
      "f1_macro": 0.9604736475818564,
      "precision_weighted": 0.9634441259540296,
      "recall_weighted": 0.9615998239533476,
      "f1_weighted": 0.9604736475818564,
      "mcc": 0.95465446434537,
      "confusion_matrix": [
        [
          6059,
          0,
          0,
          0,
          0,
          0
        ],
        [
          40,
          5867,
          20,
          0,
          0,
          132
        ],
        [
          0,
          0,
          6015,
          0,
          0,
          44
        ],
        [
          124,
          601,
          75,
          4899,
          203,
          157
        ],
        [
          0,
          0,
          0,
          0,
          6059,
          0
        ],
        [
          0,
          0,
          0,
          0,
          0,
          6059
        ]
      ],
      "per_class_precision": [
        0.9736461513739354,
        0.9070810142238713,
        0.9844517184942717,
        1.0,
        0.9675822420951773,
        0.9479036295369212
      ],
      "per_class_recall": [
        1.0,
        0.9683116025746823,
        0.9927380755900314,
        0.8085492655553722,
        1.0,
        1.0
      ],
      "per_class_f1": [
        0.9866471258752646,
        0.936696735052287,
        0.9885775330758485,
        0.894141266654499,
        0.9835240646051456,
        0.9732551602280941
      ]
    },
    "val": {
      "accuracy": 0.8334350213544844,
      "balanced_accuracy": 0.7917348546258202,
      "precision_macro": 0.5836368273817002,
      "recall_macro": 0.7917348546258202,
      "f1_macro": 0.6577206620381969,
      "precision_weighted": 0.9145415241992918,
      "recall_weighted": 0.8334350213544844,
      "f1_weighted": 0.85499743875946,
      "mcc": 0.6902184052278979,
      "confusion_matrix": [
        [
          47,
          0,
          0,
          0,
          0,
          0
        ],
        [
          1,
          144,
          0,
          0,
          0,
          6
        ],
        [
          0,
          0,
          37,
          0,
          0,
          0
        ],
        [
          26,
          131,
          16,
          1035,
          56,
          35
        ],
        [
          0,
          0,
          0,
          0,
          103,
          0
        ],
        [
          0,
          1,
          0,
          1,
          0,
          0
        ]
      ],
      "per_class_precision": [
        0.6351351351351351,
        0.5217391304347826,
        0.6981132075471698,
        0.999034749034749,
        0.6477987421383647,
        0.0
      ],
      "per_class_recall": [
        1.0,
        0.9536423841059603,
        1.0,
        0.7967667436489607,
        1.0,
        0.0
      ],
      "per_class_f1": [
        0.7768595041322314,
        0.6744730679156908,
        0.8222222222222222,
        0.8865096359743041,
        0.7862595419847328,
        0.0
      ]
    },
    "test": {
      "accuracy": 0.8401464307504576,
      "balanced_accuracy": 0.7970479924275254,
      "precision_macro": 0.5830207607192556,
      "recall_macro": 0.7970479924275254,
      "f1_macro": 0.6593113914316282,
      "precision_weighted": 0.91592845399439,
      "recall_weighted": 0.8401464307504576,
      "f1_weighted": 0.8597579588208327,
      "mcc": 0.7003873924276922,
      "confusion_matrix": [
        [
          47,
          0,
          0,
          0,
          0,
          0
        ],
        [
          0,
          148,
          0,
          0,
          0,
          3
        ],
        [
          0,
          0,
          37,
          0,
          0,
          0
        ],
        [
          20,
          120,
          24,
          1042,
          58,
          35
        ],
        [
          0,
          0,
          0,
          0,
          103,
          0
        ],
        [
          0,
          0,
          0,
          2,
          0,
          0
        ]
      ],
      "per_class_precision": [
        0.7014925373134329,
        0.5522388059701493,
        0.6065573770491803,
        0.9980842911877394,
        0.639751552795031,
        0.0
      ],
      "per_class_recall": [
        1.0,
        0.9801324503311258,
        1.0,
        0.8021555042340262,
        1.0,
        0.0
      ],
      "per_class_f1": [
        0.8245614035087719,
        0.7064439140811456,
        0.7551020408163265,
        0.8894579598804951,
        0.7803030303030303,
        0.0
      ]
    }
  }
}