{
  "epochs": [
    1,
    2,
    3,
    4,
    5,
    6,
    7,
    8,
    9,
    10,
    11,
    12,
    13,
    14,
    15,
    16,
    17,
    18,
    19,
    20
  ],
  "train_loss": [
    0.795374210549885,
    0.5032002074243199,
    0.40564070347283165,
    0.34153803668019794,
    0.306280478857035,
    0.271144943261189,
    0.23942908492688791,
    0.2137067657958663,
    0.19784522610269997,
    0.18990983136411008,
    0.289317067388117,
    0.2752893928936647,
    0.26013103146990346,
    0.25072742111842783,
    0.23093581617201503,
    0.2197648097765638,
    0.20648397551682968,
    0.19884082197847064,
    0.18526062868552323,
    0.17889978594979566
  ],
  "val_loss": [
    1.022519998793343,
    0.8516956001902005,
    0.8883939347229329,
    0.6146720449250962,
    0.5840897087901012,
    0.5078814837211076,
    0.5178568693215415,
    0.5358616665160242,
    0.4933920935969152,
    0.49309191513236084,
    0.6513257037218639,
    0.6503988305485198,
    0.5473490675241937,
    0.44570526528860316,
    0.5588972234667766,
    0.4763695782572122,
    0.4259462246104229,
    0.4057390098531047,
    0.4684333791814249,
    0.4601888861268522
  ],
  "train_accuracy": [
    0.6954392914122243,
    0.8155086097815921,
    0.8543213951697199,
    0.8749793695329262,
    0.8903284370358145,
    0.9047697639874567,
    0.9154700995763877,
    0.9246025196677119,
    0.9304615723166639,
    0.9337624470484679,
    0.8971502448148759,
    0.9029542828849645,
    0.9095835396380041,
    0.9142322715519613,
    0.9197337294383011,
    0.9236947791164659,
    0.9289211641084888,
    0.9314518347362051,
    0.9364856687022061,
    0.9394564559608296
  ],
  "val_accuracy": [
    0.5631482611348383,
    0.6333129957291032,
    0.6137888956680903,
    0.7675411836485662,
    0.7455765710799268,
    0.7962172056131788,
    0.799267846247712,
    0.7834045149481391,
    0.8157413056741916,
    0.8206223306894448,
    0.7388651616839537,
    0.7443563148261135,
    0.8096400244051251,
    0.823672971323978,
    0.7834045149481391,
    0.8163514338010982,
    0.8431970713849909,
    0.860280658938377,
    0.8297742525930445,
    0.8334350213544844
  ],
  "best_epoch": 18,
  "training_time_seconds": 56.14727210998535
}