{
  "training": {
    "training_time_seconds": 0.0035920143127441406,
    "best_epoch": 1,
    "total_epochs": 1
  },
  "metrics": {
    "train": {
      "accuracy": 0.997716894977169,
      "balanced_accuracy": 0.997716894977169,
      "precision_macro": 0.9977266900557681,
      "recall_macro": 0.997716894977169,
      "f1_macro": 0.9977114774494465,
      "precision_weighted": 0.9977266900557681,
      "recall_weighted": 0.997716894977169,
      "f1_weighted": 0.9977114774494468,
      "mcc": 0.9972643749781719,
      "confusion_matrix": [
        [
          6059,
          0,
          0,
          0,
          0,
          0
        ],
        [
          0,
          6059,
          0,
          0,
          0,
          0
        ],
        [
          0,
          0,
          6059,
          0,
          0,
          0
        ],
        [
          7,
          38,
          8,
          5976,
          24,
          6
        ],
        [
          0,
          0,
          0,
          0,
          6059,
          0
        ],
        [
          0,
          0,
          0,
          0,
          0,
          6059
        ]
      ],
      "per_class_precision": [
        0.998846027035938,
        0.9937674266032475,
        0.9986813911323553,
        1.0,
        0.9960545783330593,
        0.9990107172300082
      ],
      "per_class_recall": [
        1.0,
        1.0,
        1.0,
        0.9863013698630136,
        1.0,
        1.0
      ],
      "per_class_f1": [
        0.9994226804123711,
        0.9968739717012175,
        0.9993402605970642,
        0.993103448275862,
        0.9980233898863449,
        0.9995051138238206
      ]
    },
    "val": {
      "accuracy": 0.9780353874313605,
      "balanced_accuracy": 0.8226439047829931,
      "precision_macro": 0.7792424823748788,
      "recall_macro": 0.8226439047829931,
      "f1_macro": 0.800022992705272,
      "precision_weighted": 0.9788677639459625,
      "recall_weighted": 0.9780353874313605,
      "f1_weighted": 0.9780445600304832,
      "mcc": 0.9415781695144146,
      "confusion_matrix": [
        [
          47,
          0,
          0,
          0,
          0,
          0
        ],
        [
          0,
          149,
          0,
          2,
          0,
          0
        ],
        [
          0,
          0,
          36,
          1,
          0,
          0
        ],
        [
          4,
          16,
          3,
          1268,
          7,
          1
        ],
        [
          0,
          0,
          0,
          0,
          103,
          0
        ],
        [
          0,
          1,
          0,
          1,
          0,
          0
        ]
      ],
      "per_class_precision": [
        0.9215686274509803,
        0.8975903614457831,
        0.9230769230769231,
        0.9968553459119497,
        0.9363636363636364,
        0.0
      ],
      "per_class_recall": [
        1.0,
        0.9867549668874173,
        0.972972972972973,
        0.9761354888375674,
        1.0,
        0.0
      ],
      "per_class_f1": [
        0.9591836734693877,
        0.9400630914826499,
        0.9473684210526315,
        0.9863866199922209,
        0.9671361502347418,
        0.0
      ]
    },
    "test": {
      "accuracy": 0.9774252593044539,
      "balanced_accuracy": 0.823491049895467,
      "precision_macro": 0.7799419384544605,
      "recall_macro": 0.823491049895467,
      "f1_macro": 0.8007411811766173,
      "precision_weighted": 0.980485740115291,
      "recall_weighted": 0.9774252593044539,
      "f1_weighted": 0.9785739169993838,
      "mcc": 0.9402227687643214,
      "confusion_matrix": [
        [
          47,
          0,
          0,
          0,
          0,
          0
        ],
        [
          0,
          150,
          0,
          1,
          0,
          0
        ],
        [
          0,
          0,
          36,
          1,
          0,
          0
        ],
        [
          2,
          12,
          5,
          1266,
          9,
          5
        ],
        [
          0,
          0,
          0,
          0,
          103,
          0
        ],
        [
          0,
          0,
          0,
          2,
          0,
          0
        ]
      ],
      "per_class_precision": [
        0.9591836734693877,
        0.9259259259259259,
        0.8780487804878049,
        0.9968503937007874,
        0.9196428571428571,
        0.0
      ],
      "per_class_recall": [
        1.0,
        0.9933774834437086,
        0.972972972972973,
        0.9745958429561201,
        1.0,
        0.0
      ],
      "per_class_f1": [
        0.9791666666666666,
        0.9584664536741214,
        0.9230769230769231,
        0.9855975087582717,
        0.958139534883721,
        0.0
      ]
    }
  }
}