{
  "training": {
    "training_time_seconds": 20.930959224700928,
    "best_epoch": 14,
    "total_epochs": 17
  },
  "metrics": {
    "train": {
      "accuracy": 0.7769784172661871,
      "balanced_accuracy": 0.7858884588644311,
      "precision_macro": 0.48343719382013184,
      "recall_macro": 0.7858884588644311,
      "f1_macro": 0.563407648182899,
      "precision_weighted": 0.8907395516967633,
      "recall_weighted": 0.7769784172661871,
      "f1_weighted": 0.8010498851948403,
      "mcc": 0.6202124851569641,
      "confusion_matrix": [
        [
          216,
          0,
          0,
          0,
          0,
          0
        ],
        [
          29,
          660,
          6,
          10,
          1,
          0
        ],
        [
          0,
          0,
          171,
          2,
          2,
          0
        ],
        [
          283,
          661,
          344,
          4426,
          336,
          9
        ],
        [
          11,
          0,
          1,
          1,
          466,
          0
        ],
        [
          0,
          3,
          2,
          4,
          0,
          1
        ]
      ],
      "per_class_precision": [
        0.4007421150278293,
        0.4984894259818731,
        0.32633587786259544,
        0.996173756470853,
        0.5788819875776398,
        0.1
      ],
      "per_class_recall": [
        1.0,
        0.9348441926345609,
        0.9771428571428571,
        0.7304835781482093,
        0.9728601252609603,
        0.1
      ],
      "per_class_f1": [
        0.5721854304635762,
        0.6502463054187192,
        0.4892703862660944,
        0.8428870691296896,
        0.7258566978193146,
        0.1
      ]
    },
    "val": {
      "accuracy": 0.776693105552166,
      "balanced_accuracy": 0.7763618820188555,
      "precision_macro": 0.4677893142403992,
      "recall_macro": 0.7763618820188555,
      "f1_macro": 0.5482834034824638,
      "precision_weighted": 0.8912468102835771,
      "recall_weighted": 0.776693105552166,
      "f1_weighted": 0.8004841008103668,
      "mcc": 0.6220909422691544,
      "confusion_matrix": [
        [
          47,
          0,
          0,
          0,
          0,
          0
        ],
        [
          4,
          142,
          1,
          3,
          1,
          0
        ],
        [
          0,
          0,
          37,
          0,
          0,
          0
        ],
        [
          61,
          137,
          82,
          945,
          73,
          1
        ],
        [
          1,
          0,
          0,
          0,
          102,
          0
        ],
        [
          0,
          1,
          0,
          1,
          0,
          0
        ]
      ],
      "per_class_precision": [
        0.415929203539823,
        0.5071428571428571,
        0.30833333333333335,
        0.9957850368809273,
        0.5795454545454546,
        0.0
      ],
      "per_class_recall": [
        1.0,
        0.9403973509933775,
        1.0,
        0.7274826789838337,
        0.9902912621359223,
        0.0
      ],
      "per_class_f1": [
        0.5875,
        0.6589327146171694,
        0.4713375796178344,
        0.8407473309608541,
        0.7311827956989247,
        0.0
      ]
    },
    "test": {
      "accuracy": 0.7724222086638194,
      "balanced_accuracy": 0.7632706368668286,
      "precision_macro": 0.46111962776268056,
      "recall_macro": 0.7632706368668286,
      "f1_macro": 0.539623575580939,
      "precision_weighted": 0.8888426520000527,
      "recall_weighted": 0.7724222086638194,
      "f1_weighted": 0.7972742981532859,
      "mcc": 0.6136579899919722,
      "confusion_matrix": [
        [
          47,
          0,
          0,
          0,
          0,
          0
        ],
        [
          7,
          140,
          2,
          2,
          0,
          0
        ],
        [
          0,
          0,
          35,
          1,
          1,
          0
        ],
        [
          68,
          140,
          75,
          943,
          72,
          1
        ],
        [
          2,
          0,
          0,
          0,
          101,
          0
        ],
        [
          0,
          0,
          0,
          2,
          0,
          0
        ]
      ],
      "per_class_precision": [
        0.3790322580645161,
        0.5,
        0.3125,
        0.9947257383966245,
        0.5804597701149425,
        0.0
      ],
      "per_class_recall": [
        1.0,
        0.9271523178807947,
        0.9459459459459459,
        0.7259430331023865,
        0.9805825242718447,
        0.0
      ],
      "per_class_f1": [
        0.5497076023391813,
        0.6496519721577726,
        0.4697986577181208,
        0.8393413440142412,
        0.7292418772563177,
        0.0
      ]
    }
  }
}