{
  "epochs": [
    1,
    2,
    3,
    4,
    5,
    6,
    7,
    8,
    9,
    10,
    11,
    12,
    13,
    14,
    15,
    16,
    17
  ],
  "train_loss": [
    1.427415947137587,
    1.0849735962167295,
    0.9988574427510493,
    0.8573255883392125,
    0.7841646423208861,
    0.7622472240887411,
    0.7211073107076985,
    0.7098245579951569,
    0.6696646602345573,
    0.6391493145432482,
    0.6051667124052466,
    0.6053997308191246,
    0.6413957117272796,
    0.5640751078130374,
    0.5670283633248333,
    0.5525395421673068,
    0.5363323330703789
  ],
  "val_loss": [
    0.9519667293765037,
    0.7496055597717839,
    0.6661520595409435,
    0.5764525261792269,
    0.5500007003382112,
    0.512884425873288,
    0.4751656474937674,
    0.4607116355082842,
    0.4367872894792167,
    0.4457297062204697,
    0.43862358619339076,
    0.43172292810449375,
    0.46240792373028233,
    0.4267941541865223,
    0.40391500624234244,
    0.431290920312409,
    0.3920770386976029
  ],
  "train_accuracy": [
    0.3365598430346632,
    0.48593852190974496,
    0.540876389797253,
    0.5835186396337475,
    0.6134728580771747,
    0.6330935251798561,
    0.6400261608894703,
    0.6363636363636364,
    0.6599084368868542,
    0.6807063440156965,
    0.6812295618051014,
    0.6842380640941792,
    0.6816219751471551,
    0.6937867887508176,
    0.7051667756703728,
    0.7117069980379332,
    0.7039895356442119
  ],
  "val_accuracy": [
    0.49542403904820015,
    0.5454545454545454,
    0.6028065893837706,
    0.6418547895057962,
    0.7126296522269676,
    0.6815131177547284,
    0.7046979865771812,
    0.7193410616229409,
    0.7455765710799268,
    0.7199511897498475,
    0.7467968273337401,
    0.7132397803538744,
    0.6790726052471019,
    0.788895668090299,
    0.7571690054911532,
    0.7632702867602197,
    0.776693105552166
  ],
  "best_epoch": 14,
  "training_time_seconds": 20.930959224700928
}