,mlp,transformer,knn,mlp,forest,transformer,xgboost
mlp,1.0,0.4463667820069204,0.17682926829268292,0.6824644549763034,0.19909502262443438,0.3333333333333333,0.2951388888888889
transformer,0.4463667820069204,1.0,0.11152416356877323,0.42724458204334365,0.31532846715328466,0.1984732824427481,0.33055555555555555
knn,0.17682926829268292,0.11152416356877323,1.0,0.14009661835748793,0.049689440993788817,0.36923076923076925,0.09956709956709957
mlp,0.6824644549763034,0.42724458204334365,0.14009661835748793,1.0,0.25449101796407186,0.2613065326633166,0.31230283911671924
forest,0.19909502262443438,0.31532846715328466,0.049689440993788817,0.25449101796407186,1.0,0.07298136645962733,0.32507739938080493
transformer,0.3333333333333333,0.1984732824427481,0.36923076923076925,0.2613065326633166,0.07298136645962733,1.0,0.15948275862068967
xgboost,0.2951388888888889,0.33055555555555555,0.09956709956709957,0.31230283911671924,0.32507739938080493,0.15948275862068967,1.0
