{
  "training": {
    "training_time_seconds": 237.9905173778534,
    "best_epoch": 39,
    "total_epochs": 44
  },
  "metrics": {
    "train": {
      "accuracy": 0.996699125268196,
      "balanced_accuracy": 0.9966991252681962,
      "precision_macro": 0.9967308425084624,
      "recall_macro": 0.9966991252681962,
      "f1_macro": 0.9966905968832647,
      "precision_weighted": 0.9967308425084624,
      "recall_weighted": 0.996699125268196,
      "f1_weighted": 0.9966905968832644,
      "mcc": 0.9960486608413706,
      "confusion_matrix": [
        [
          6059,
          0,
          0,
          0,
          0,
          0
        ],
        [
          0,
          6059,
          0,
          0,
          0,
          0
        ],
        [
          0,
          0,
          6059,
          0,
          0,
          0
        ],
        [
          12,
          81,
          0,
          5939,
          12,
          15
        ],
        [
          0,
          0,
          0,
          0,
          6059,
          0
        ],
        [
          0,
          0,
          0,
          0,
          0,
          6059
        ]
      ],
      "per_class_precision": [
        0.9980233898863449,
        0.9868078175895766,
        1.0,
        1.0,
        0.9980233898863449,
        0.9975304576885083
      ],
      "per_class_recall": [
        1.0,
        1.0,
        1.0,
        0.9801947516091765,
        1.0,
        1.0
      ],
      "per_class_f1": [
        0.9990107172300082,
        0.993360111484548,
        1.0,
        0.9899983330555092,
        0.9990107172300082,
        0.9987637022995137
      ]
    },
    "val": {
      "accuracy": 0.9792556436851739,
      "balanced_accuracy": 0.8272767131109514,
      "precision_macro": 0.7958192882444671,
      "recall_macro": 0.8272767131109514,
      "f1_macro": 0.8105907307795638,
      "precision_weighted": 0.9807559571043084,
      "recall_weighted": 0.9792556436851739,
      "f1_weighted": 0.9794619358589164,
      "mcc": 0.9449460698273878,
      "confusion_matrix": [
        [
          47,
          0,
          0,
          0,
          0,
          0
        ],
        [
          0,
          149,
          0,
          2,
          0,
          0
        ],
        [
          0,
          0,
          37,
          0,
          0,
          0
        ],
        [
          3,
          24,
          0,
          1269,
          2,
          1
        ],
        [
          0,
          0,
          0,
          0,
          103,
          0
        ],
        [
          0,
          1,
          0,
          1,
          0,
          0
        ]
      ],
      "per_class_precision": [
        0.94,
        0.8563218390804598,
        1.0,
        0.9976415094339622,
        0.9809523809523809,
        0.0
      ],
      "per_class_recall": [
        1.0,
        0.9867549668874173,
        1.0,
        0.976905311778291,
        1.0,
        0.0
      ],
      "per_class_f1": [
        0.9690721649484536,
        0.916923076923077,
        1.0,
        0.9871645274212368,
        0.9903846153846154,
        0.0
      ]
    },
    "test": {
      "accuracy": 0.9774252593044539,
      "balanced_accuracy": 0.8244494551091913,
      "precision_macro": 0.7970952735875317,
      "recall_macro": 0.8244494551091913,
      "f1_macro": 0.8100949154234579,
      "precision_weighted": 0.9818848918072417,
      "recall_weighted": 0.9774252593044539,
      "f1_weighted": 0.9792213495748703,
      "mcc": 0.9403896644518884,
      "confusion_matrix": [
        [
          46,
          0,
          0,
          1,
          0,
          0
        ],
        [
          0,
          150,
          0,
          0,
          0,
          1
        ],
        [
          0,
          0,
          37,
          0,
          0,
          0
        ],
        [
          1,
          19,
          1,
          1266,
          6,
          6
        ],
        [
          0,
          0,
          0,
          0,
          103,
          0
        ],
        [
          0,
          0,
          0,
          2,
          0,
          0
        ]
      ],
      "per_class_precision": [
        0.9787234042553191,
        0.8875739644970414,
        0.9736842105263158,
        0.9976359338061466,
        0.944954128440367,
        0.0
      ],
      "per_class_recall": [
        0.9787234042553191,
        0.9933774834437086,
        1.0,
        0.9745958429561201,
        1.0,
        0.0
      ],
      "per_class_f1": [
        0.9787234042553191,
        0.9375,
        0.9866666666666667,
        0.985981308411215,
        0.9716981132075472,
        0.0
      ]
    }
  }
}