{
  "epochs": [
    1,
    2,
    3,
    4,
    5,
    6,
    7,
    8,
    9,
    10,
    11,
    12,
    13,
    14,
    15,
    16,
    17,
    18,
    19,
    20,
    21,
    22,
    23,
    24,
    25,
    26,
    27,
    28,
    29,
    30,
    31,
    32,
    33,
    34,
    35,
    36,
    37,
    38,
    39,
    40,
    41,
    42,
    43,
    44
  ],
  "train_loss": [
    0.4279449368253864,
    0.18984525393845889,
    0.14565651063573826,
    0.1279384990492204,
    0.1142730293840042,
    0.10472963320091956,
    0.09640924132339349,
    0.08736724330817555,
    0.08316138393620226,
    0.073820334008852,
    0.07367833036431455,
    0.06930380382302466,
    0.06758436783690196,
    0.062337457876977934,
    0.0566508622159936,
    0.052351563340208206,
    0.05368134529537497,
    0.04934304643195081,
    0.04795601120224373,
    0.045634534721816916,
    0.045002069958765566,
    0.04251535997876709,
    0.04097546475560099,
    0.03663156770176703,
    0.033980259746856485,
    0.03674359536223948,
    0.03172269572786484,
    0.032614003052514766,
    0.02976199172796786,
    0.02671280368758779,
    0.02614986826709951,
    0.02585119334942418,
    0.02416640294007881,
    0.020586548647190204,
    0.021607440685072112,
    0.02073630148039666,
    0.019329775653066757,
    0.017693266993158072,
    0.018141976026312966,
    0.016922269749365382,
    0.015357049608522208,
    0.01505840271613488,
    0.014492004996403865,
    0.013781109057295014
  ],
  "val_loss": [
    0.5133458119547171,
    0.2843725906140634,
    0.39148240752831837,
    0.28655928257305024,
    0.24465650010142587,
    0.23669218581881263,
    0.23806072835403633,
    0.22229220960470716,
    0.19466226418773816,
    0.20088876036587874,
    0.21691597964569848,
    0.22017810796346207,
    0.2227035700684396,
    0.16000180309510842,
    0.2183308748399729,
    0.1832617743005498,
    0.1744431119407993,
    0.1875219998876356,
    0.16378877912001488,
    0.1750463121807709,
    0.15566014900306394,
    0.1846320047718565,
    0.15170458022814873,
    0.14104095636962707,
    0.17850513732794107,
    0.16358252408626686,
    0.16141191587193532,
    0.15432128522161254,
    0.14118182472955595,
    0.17083229628605212,
    0.14812522811009343,
    0.14116900032231328,
    0.14701707434280512,
    0.12654973409144146,
    0.14039903261297898,
    0.1351463805957708,
    0.1337294054642279,
    0.1378159299717818,
    0.13024466364773066,
    0.13438048552656534,
    0.1302097658971844,
    0.13392741125663313,
    0.1332613453436099,
    0.1385640147545606
  ],
  "train_accuracy": [
    0.8511305495956428,
    0.9361005666501623,
    0.9520823018099797,
    0.9582164273532486,
    0.9639104362656103,
    0.9677339494966166,
    0.9697969962039941,
    0.9733179292512516,
    0.9742531770919294,
    0.9761786873521483,
    0.9766738185619189,
    0.9788744017164549,
    0.9790394454530451,
    0.9803597953457667,
    0.9826979149474611,
    0.984815976233702,
    0.984348352313363,
    0.9853661220223359,
    0.9850360345491556,
    0.9866039500467624,
    0.9869890520988062,
    0.9874841833085768,
    0.9877867634923254,
    0.9892171425427738,
    0.9897397810419761,
    0.9889145623590252,
    0.9902899268306101,
    0.9903449414094735,
    0.9910876382241294,
    0.9921604225119657,
    0.9913902184078781,
    0.9921604225119657,
    0.9923254662485559,
    0.9937283380095725,
    0.9935908015624141,
    0.9937558452990042,
    0.9942234692193431,
    0.9947186004291138,
    0.9942784837982065,
    0.9949111514551356,
    0.9956263409803598,
    0.9955713264014964,
    0.9955438191120647,
    0.9956813555592232
  ],
  "val_accuracy": [
    0.823672971323978,
    0.9017693715680293,
    0.8877364246491763,
    0.9078706528370958,
    0.9243441122635754,
    0.9328859060402684,
    0.9334960341671751,
    0.9395973154362416,
    0.9499694935936547,
    0.938987187309335,
    0.9456985967053081,
    0.949359365466748,
    0.949359365466748,
    0.9566809029896278,
    0.9426479560707749,
    0.9585112873703477,
    0.959731543624161,
    0.9603416717510678,
    0.9646125686394142,
    0.9603416717510678,
    0.9621720561317877,
    0.9566809029896278,
    0.9682733374008542,
    0.971934106162294,
    0.9670530811470409,
    0.9682733374008542,
    0.9725442342892008,
    0.9707138499084808,
    0.9731543624161074,
    0.9688834655277608,
    0.9774252593044539,
    0.9743746186699207,
    0.9774252593044539,
    0.9804758999389872,
    0.9762050030506406,
    0.9774252593044539,
    0.9762050030506406,
    0.9774252593044539,
    0.9823062843197071,
    0.9798657718120806,
    0.9810860280658938,
    0.9798657718120806,
    0.9792556436851739,
    0.9792556436851739
  ],
  "best_epoch": 39,
  "training_time_seconds": 237.9905173778534
}