{
  "training": {
    "training_time_seconds": 745.0533175468445,
    "best_epoch": 1,
    "total_epochs": 6
  },
  "metrics": {
    "train": {
      "accuracy": 0.958559235600408,
      "balanced_accuracy": 0.9585592356004079,
      "precision_macro": 0.9637772605469784,
      "recall_macro": 0.9585592356004079,
      "f1_macro": 0.9583048042226722,
      "precision_weighted": 0.9637772605469784,
      "recall_weighted": 0.958559235600408,
      "f1_weighted": 0.9583048042226722,
      "mcc": 0.9466731983215185,
      "confusion_matrix": [
        [
          968708,
          0,
          0,
          0
        ],
        [
          0,
          812748,
          155960,
          0
        ],
        [
          0,
          4616,
          964092,
          0
        ],
        [
          0,
          0,
          0,
          968708
        ]
      ],
      "per_class_precision": [
        1.0,
        0.9943525773094973,
        0.8607564648784164,
        1.0
      ],
      "per_class_recall": [
        1.0,
        0.8390020522180058,
        0.995234890183626,
        1.0
      ],
      "per_class_f1": [
        1.0,
        0.9100954496795202,
        0.9231237672111684,
        1.0
      ]
    },
    "val": {
      "accuracy": 0.8522184345847352,
      "balanced_accuracy": 0.9586385826425736,
      "precision_macro": 0.6878889289207508,
      "recall_macro": 0.9586385826425736,
      "f1_macro": 0.7605285763573485,
      "precision_weighted": 0.9486339988311641,
      "recall_weighted": 0.8522184345847352,
      "f1_weighted": 0.8818082581747089,
      "mcc": 0.5347452428209646,
      "confusion_matrix": [
        [
          10,
          0,
          0,
          0
        ],
        [
          1,
          174430,
          33149,
          1
        ],
        [
          0,
          100,
          17309,
          0
        ],
        [
          0,
          0,
          0,
          1
        ]
      ],
      "per_class_precision": [
        0.9090909090909091,
        0.999427032601845,
        0.3430377739902493,
        0.5
      ],
      "per_class_recall": [
        1.0,
        0.8402984858922541,
        0.9942558446780401,
        1.0
      ],
      "per_class_f1": [
        0.9523809523809523,
        0.9129807830708878,
        0.5100859033108874,
        0.6666666666666666
      ]
    },
    "test": {
      "accuracy": 0.8510266666666667,
      "balanced_accuracy": 0.958486651612984,
      "precision_macro": 0.710200174012539,
      "recall_macro": 0.958486651612984,
      "f1_macro": 0.7717844530287417,
      "precision_weighted": 0.948571298064009,
      "recall_weighted": 0.8510266666666667,
      "f1_weighted": 0.8809591339260635,
      "mcc": 0.5332558319151932,
      "confusion_matrix": [
        [
          10,
          0,
          0,
          0
        ],
        [
          0,
          174148,
          33431,
          1
        ],
        [
          0,
          87,
          17322,
          0
        ],
        [
          0,
          0,
          0,
          1
        ]
      ],
      "per_class_precision": [
        1.0,
        0.9995006743765604,
        0.34130002167359563,
        0.5
      ],
      "per_class_recall": [
        1.0,
        0.8389440215820406,
        0.9950025848698949,
        1.0
      ],
      "per_class_f1": [
        1.0,
        0.9122114112855703,
        0.50825973416273,
        0.6666666666666666
      ]
    }
  }
}