{
  "epochs": [
    1,
    2,
    3,
    4,
    5,
    6
  ],
  "train_loss": [
    0.1878033863794333,
    0.16661715196202226,
    0.16014889020178205,
    0.15559448887585842,
    0.15227710434428188,
    0.1502425812404073
  ],
  "val_loss": [
    0.2533453077442247,
    0.2676295739848956,
    0.1971734970088538,
    0.3001909606186317,
    0.365323215887016,
    0.29493764308544146
  ],
  "train_accuracy": [
    0.9167225830694079,
    0.9298150216577131,
    0.9339452652398865,
    0.9371317259690226,
    0.9390961982351751,
    0.9404082551191897
  ],
  "val_accuracy": [
    0.8657161523726561,
    0.8623028342096257,
    0.8554806423082564,
    0.8520539908711516,
    0.6930546975346776,
    0.8522184345847352
  ],
  "best_epoch": 1,
  "training_time_seconds": 745.0533175468445
}