{
  "training": {
    "training_time_seconds": 24.791115045547485,
    "best_epoch": 1,
    "total_epochs": 1
  },
  "metrics": {
    "train": {
      "accuracy": 0.69866,
      "balanced_accuracy": 0.9193677873478959,
      "precision_macro": 0.518620814499005,
      "recall_macro": 0.9193677873478959,
      "f1_macro": 0.5446291615939942,
      "precision_weighted": 0.9158956865470103,
      "recall_weighted": 0.69866,
      "f1_weighted": 0.7545638894647153,
      "mcc": 0.45976594578804614,
      "confusion_matrix": [
        [
          142,
          0,
          0,
          0,
          1
        ],
        [
          0,
          3582,
          8,
          0,
          66
        ],
        [
          0,
          0,
          2,
          0,
          0
        ],
        [
          0,
          6909,
          40,
          29017,
          7960
        ],
        [
          0,
          83,
          0,
          0,
          2190
        ]
      ],
      "per_class_precision": [
        1.0,
        0.3387554378664649,
        0.04,
        1.0,
        0.21434863462856024
      ],
      "per_class_recall": [
        0.993006993006993,
        0.9797592997811816,
        1.0,
        0.6605882620771297,
        0.9634843818741751
      ],
      "per_class_f1": [
        0.9964912280701754,
        0.5034434293745608,
        0.07692307692307693,
        0.7956075291666096,
        0.3506805444355484
      ]
    },
    "val": {
      "accuracy": 0.6946106666666667,
      "balanced_accuracy": 0.7646521431332532,
      "precision_macro": 0.4320552603052405,
      "recall_macro": 0.7646521431332532,
      "f1_macro": 0.45316500703889034,
      "precision_weighted": 0.9158168036033978,
      "recall_weighted": 0.6946106666666667,
      "f1_weighted": 0.7513128141850778,
      "mcc": 0.4554673274898034,
      "confusion_matrix": [
        [
          939,
          4,
          1,
          0,
          9,
          0
        ],
        [
          0,
          26268,
          34,
          0,
          501,
          0
        ],
        [
          0,
          0,
          15,
          0,
          0,
          0
        ],
        [
          0,
          52040,
          266,
          216434,
          61077,
          0
        ],
        [
          0,
          570,
          16,
          0,
          16823,
          0
        ],
        [
          0,
          0,
          3,
          0,
          0,
          0
        ]
      ],
      "per_class_precision": [
        1.0,
        0.3330037270860272,
        0.04477611940298507,
        1.0,
        0.2145517153424308,
        0.0
      ],
      "per_class_recall": [
        0.9853095487932844,
        0.9800395478118121,
        1.0,
        0.6562245123811083,
        0.966339249813315,
        0.0
      ],
      "per_class_f1": [
        0.992600422832981,
        0.4970998722619104,
        0.08571428571428572,
        0.7924342472599593,
        0.3511412141642054,
        0.0
      ]
    },
    "test": {
      "accuracy": 0.6954933333333333,
      "balanced_accuracy": 0.7652913455479603,
      "precision_macro": 0.43157111422246436,
      "recall_macro": 0.7652913455479603,
      "f1_macro": 0.4523148491581625,
      "precision_weighted": 0.9159207409739917,
      "recall_weighted": 0.6954933333333333,
      "f1_weighted": 0.7520269743793557,
      "mcc": 0.45634163388708243,
      "confusion_matrix": [
        [
          941,
          4,
          3,
          0,
          6,
          0
        ],
        [
          0,
          26253,
          43,
          0,
          507,
          0
        ],
        [
          0,
          0,
          14,
          0,
          0,
          0
        ],
        [
          0,
          51810,
          272,
          216737,
          60998,
          0
        ],
        [
          0,
          531,
          13,
          0,
          16865,
          0
        ],
        [
          0,
          0,
          3,
          0,
          0,
          0
        ]
      ],
      "per_class_precision": [
        1.0,
        0.33401613272602354,
        0.040229885057471264,
        1.0,
        0.2151806675512912,
        0.0
      ],
      "per_class_recall": [
        0.9863731656184487,
        0.9794799089654144,
        1.0,
        0.6571432036553604,
        0.9687517950485381,
        0.0
      ],
      "per_class_f1": [
        0.9931398416886543,
        0.49815466646426504,
        0.07734806629834254,
        0.7931037006407418,
        0.3521428198569713,
        0.0
      ]
    }
  }
}