{
  "training": {
    "training_time_seconds": 381.5304653644562,
    "best_epoch": 1,
    "total_epochs": 1
  },
  "metrics": {
    "train": {
      "accuracy": 0.94266,
      "balanced_accuracy": 0.9429879311617113,
      "precision_macro": 0.9495753127434524,
      "recall_macro": 0.9429879311617113,
      "f1_macro": 0.9398959563999295,
      "precision_weighted": 0.9497170186154661,
      "recall_weighted": 0.94266,
      "f1_weighted": 0.9397786812471985,
      "mcc": 0.9335008000154962,
      "confusion_matrix": [
        [
          8225,
          0,
          0,
          0,
          0,
          0
        ],
        [
          0,
          8247,
          1,
          27,
          78,
          0
        ],
        [
          0,
          0,
          8350,
          0,
          0,
          0
        ],
        [
          0,
          1287,
          0,
          5707,
          1392,
          0
        ],
        [
          0,
          45,
          0,
          37,
          8183,
          0
        ],
        [
          0,
          0,
          0,
          0,
          0,
          8421
        ]
      ],
      "per_class_precision": [
        1.0,
        0.8609458189790166,
        0.999880253861813,
        0.9889100675792757,
        0.8477157360406091,
        1.0
      ],
      "per_class_recall": [
        1.0,
        0.9873099485214892,
        1.0,
        0.6805389935606964,
        0.9900786448880823,
        1.0
      ],
      "per_class_f1": [
        1.0,
        0.9198081641757752,
        0.9999401233459074,
        0.8062442607897153,
        0.9133831900881795,
        1.0
      ]
    },
    "val": {
      "accuracy": 0.7102746666666667,
      "balanced_accuracy": 0.9389307995060648,
      "precision_macro": 0.6988194157312396,
      "recall_macro": 0.9389307995060648,
      "f1_macro": 0.741608224643115,
      "precision_weighted": 0.9160022028913721,
      "recall_weighted": 0.7102746666666667,
      "f1_weighted": 0.763449149569479,
      "mcc": 0.46818220863032645,
      "confusion_matrix": [
        [
          950,
          0,
          0,
          2,
          1,
          0
        ],
        [
          0,
          26312,
          9,
          173,
          309,
          0
        ],
        [
          0,
          0,
          15,
          0,
          0,
          0
        ],
        [
          2,
          49197,
          0,
          221977,
          58641,
          0
        ],
        [
          1,
          140,
          0,
          172,
          17096,
          0
        ],
        [
          0,
          0,
          0,
          0,
          0,
          3
        ]
      ],
      "per_class_precision": [
        0.9968520461699895,
        0.34781689116842257,
        0.625,
        0.9984392148396034,
        0.2248083422094231,
        1.0
      ],
      "per_class_recall": [
        0.9968520461699895,
        0.981681155094579,
        1.0,
        0.6730308019295549,
        0.9820207938422655,
        1.0
      ],
      "per_class_f1": [
        0.9968520461699895,
        0.5136454144379807,
        0.7692307692307693,
        0.8040591080901437,
        0.36586200992980655,
        1.0
      ]
    },
    "test": {
      "accuracy": 0.7113226666666667,
      "balanced_accuracy": 0.9278759677830261,
      "precision_macro": 0.6338911701634066,
      "recall_macro": 0.9278759677830261,
      "f1_macro": 0.6961499394577313,
      "precision_weighted": 0.9161366972376959,
      "recall_weighted": 0.7113226666666667,
      "f1_weighted": 0.7642802774586904,
      "mcc": 0.4692526086018733,
      "confusion_matrix": [
        [
          953,
          0,
          0,
          0,
          0,
          1
        ],
        [
          0,
          26295,
          14,
          199,
          295,
          0
        ],
        [
          0,
          1,
          13,
          0,
          0,
          0
        ],
        [
          1,
          48991,
          0,
          222342,
          58483,
          0
        ],
        [
          0,
          128,
          0,
          141,
          17140,
          0
        ],
        [
          0,
          0,
          0,
          0,
          0,
          3
        ]
      ],
      "per_class_precision": [
        0.9989517819706499,
        0.3486706888550023,
        0.48148148148148145,
        0.9984731590339587,
        0.2257699096393477,
        0.75
      ],
      "per_class_recall": [
        0.9989517819706499,
        0.9810468977353282,
        0.9285714285714286,
        0.6741374762368222,
        0.9845482221839279,
        1.0
      ],
      "per_class_f1": [
        0.9989517819706499,
        0.5144886419221664,
        0.6341463414634146,
        0.8048593753110865,
        0.3673106389362135,
        0.8571428571428571
      ]
    }
  }
}