{
  "training": {
    "training_time_seconds": 18.35760259628296,
    "best_epoch": 1,
    "total_epochs": 1
  },
  "metrics": {
    "train": {
      "accuracy": 0.57258,
      "balanced_accuracy": 0.5719382499775671,
      "precision_macro": 0.7545267454636005,
      "recall_macro": 0.5719382499775671,
      "f1_macro": 0.5198334462302836,
      "precision_weighted": 0.7537011792847477,
      "recall_weighted": 0.57258,
      "f1_weighted": 0.5199611409496003,
      "mcc": 0.524527179404784,
      "confusion_matrix": [
        [
          8223,
          0,
          0,
          2,
          0,
          0
        ],
        [
          0,
          2616,
          0,
          5737,
          0,
          0
        ],
        [
          0,
          7591,
          759,
          0,
          0,
          0
        ],
        [
          0,
          331,
          0,
          7990,
          65,
          0
        ],
        [
          0,
          2,
          0,
          7643,
          620,
          0
        ],
        [
          0,
          0,
          0,
          0,
          0,
          8421
        ]
      ],
      "per_class_precision": [
        1.0,
        0.24819734345351044,
        1.0,
        0.37385364027699797,
        0.9051094890510949,
        1.0
      ],
      "per_class_recall": [
        0.999756838905775,
        0.3131808930923022,
        0.09089820359281438,
        0.9527784402575722,
        0.0750151240169389,
        1.0
      ],
      "per_class_f1": [
        0.9998784046692607,
        0.27692796273752185,
        0.16664836974420902,
        0.5369984541971907,
        0.13854748603351955,
        1.0
      ]
    },
    "val": {
      "accuracy": 0.8592906666666666,
      "balanced_accuracy": 0.5468125732388258,
      "precision_macro": 0.5743195059386164,
      "recall_macro": 0.5468125732388258,
      "f1_macro": 0.5516423875073073,
      "precision_weighted": 0.8270829069111507,
      "recall_weighted": 0.8592906666666666,
      "f1_weighted": 0.8400714119565074,
      "mcc": 0.2222695615441897,
      "confusion_matrix": [
        [
          949,
          0,
          0,
          4,
          0,
          0
        ],
        [
          0,
          7897,
          0,
          18841,
          65,
          0
        ],
        [
          0,
          15,
          0,
          0,
          0,
          0
        ],
        [
          5,
          14224,
          0,
          312645,
          2943,
          0
        ],
        [
          0,
          76,
          0,
          16593,
          740,
          0
        ],
        [
          0,
          0,
          0,
          0,
          0,
          3
        ]
      ],
      "per_class_precision": [
        0.9947589098532494,
        0.3555285431298397,
        0.0,
        0.8981909487105088,
        0.19743863393810032,
        1.0
      ],
      "per_class_recall": [
        0.9958027282266527,
        0.29463119800022386,
        0.0,
        0.9479347638235749,
        0.0425067493825033,
        1.0
      ],
      "per_class_f1": [
        0.995280545359203,
        0.32222788942160563,
        0.0,
        0.9223926832866205,
        0.06995320697641443,
        1.0
      ]
    },
    "test": {
      "accuracy": 0.8589413333333333,
      "balanced_accuracy": 0.5706295646495595,
      "precision_macro": 0.6848208162173962,
      "recall_macro": 0.5706295646495595,
      "f1_macro": 0.5908693377381405,
      "precision_weighted": 0.8264998797277201,
      "recall_weighted": 0.8589413333333333,
      "f1_weighted": 0.839678699454123,
      "mcc": 0.21976360664463124,
      "confusion_matrix": [
        [
          954,
          0,
          0,
          0,
          0,
          0
        ],
        [
          0,
          7796,
          1,
          18931,
          75,
          0
        ],
        [
          0,
          12,
          2,
          0,
          0,
          0
        ],
        [
          1,
          14189,
          0,
          312613,
          3014,
          0
        ],
        [
          0,
          79,
          0,
          16595,
          735,
          0
        ],
        [
          0,
          0,
          0,
          0,
          0,
          3
        ]
      ],
      "per_class_precision": [
        0.9989528795811519,
        0.35314368545026276,
        0.6666666666666666,
        0.8979545526355852,
        0.1922071129707113,
        1.0
      ],
      "per_class_recall": [
        1.0,
        0.2908629631011454,
        0.14285714285714285,
        0.9478377403226638,
        0.04221954161640531,
        1.0
      ],
      "per_class_f1": [
        0.9994761655316919,
        0.318991796067841,
        0.23529411764705882,
        0.9222220911091575,
        0.06923185607309378,
        1.0
      ]
    }
  }
}