{
  "epochs": [
    1
  ],
  "train_loss": [],
  "val_loss": [],
  "train_accuracy": [
    0.57258
  ],
  "val_accuracy": [
    0.8592906666666666
  ],
  "best_epoch": 1,
  "training_time_seconds": 18.35760259628296
}