{
  "training": {
    "training_time_seconds": 2786.679379940033,
    "best_epoch": 9,
    "total_epochs": 14
  },
  "metrics": {
    "train": {
      "accuracy": 0.85364,
      "balanced_accuracy": 0.8545798106106286,
      "precision_macro": 0.9069030255064503,
      "recall_macro": 0.8545798106106286,
      "f1_macro": 0.8409309108537109,
      "precision_weighted": 0.9070237148233007,
      "recall_weighted": 0.85364,
      "f1_weighted": 0.8403448684443972,
      "mcc": 0.8287129135175766,
      "confusion_matrix": [
        [
          12425,
          0,
          0,
          0
        ],
        [
          0,
          5279,
          7302,
          0
        ],
        [
          0,
          16,
          12467,
          0
        ],
        [
          0,
          0,
          0,
          12511
        ]
      ],
      "per_class_precision": [
        1.0,
        0.9969782813975449,
        0.6306338206282563,
        1.0
      ],
      "per_class_recall": [
        1.0,
        0.4196009856132263,
        0.9987182568292878,
        1.0
      ],
      "per_class_f1": [
        1.0,
        0.5906243007384202,
        0.7730993426764232,
        1.0
      ]
    },
    "val": {
      "accuracy": 0.4645579352980653,
      "balanced_accuracy": 0.85468238401395,
      "precision_macro": 0.6564929873705515,
      "recall_macro": 0.85468238401395,
      "f1_macro": 0.6204825539261617,
      "precision_weighted": 0.932206724966832,
      "recall_weighted": 0.4645579352980653,
      "f1_weighted": 0.562831975863374,
      "mcc": 0.2298415681828152,
      "confusion_matrix": [
        [
          10,
          0,
          0,
          0
        ],
        [
          0,
          87123,
          120457,
          1
        ],
        [
          0,
          17,
          17392,
          0
        ],
        [
          0,
          0,
          0,
          1
        ]
      ],
      "per_class_precision": [
        1.0,
        0.9998049116364471,
        0.12616703784575878,
        0.5
      ],
      "per_class_recall": [
        1.0,
        0.4197060424605335,
        0.9990234935952668,
        1.0
      ],
      "per_class_f1": [
        1.0,
        0.5912235639808496,
        0.2240399850571307,
        0.6666666666666666
      ]
    },
    "test": {
      "accuracy": 0.4656355555555556,
      "balanced_accuracy": 0.8548296270193599,
      "precision_macro": 0.7815022067136993,
      "recall_macro": 0.8548296270193599,
      "f1_macro": 0.7041728603402045,
      "precision_weighted": 0.9321056271424939,
      "recall_weighted": 0.4656355555555556,
      "f1_weighted": 0.5639481074044099,
      "mcc": 0.23003749445121882,
      "confusion_matrix": [
        [
          10,
          0,
          0,
          0
        ],
        [
          0,
          87376,
          120204,
          0
        ],
        [
          0,
          28,
          17381,
          0
        ],
        [
          0,
          0,
          0,
          1
        ]
      ],
      "per_class_precision": [
        1.0,
        0.9996796485286714,
        0.12632917832612567,
        1.0
      ],
      "per_class_recall": [
        1.0,
        0.4209268715675884,
        0.9983916365098512,
        1.0
      ],
      "per_class_f1": [
        1.0,
        0.5924117918259973,
        0.2242796495348207,
        1.0
      ]
    }
  }
}