{
  "epochs": [
    1,
    2,
    3,
    4,
    5,
    6,
    7,
    8,
    9,
    10,
    11,
    12,
    13,
    14
  ],
  "train_loss": [
    0.34720969046333783,
    0.34733106607482667,
    0.34785566435598214,
    0.34713860320354406,
    0.3471843286958462,
    0.34685560514518676,
    0.34676286021269986,
    0.34678248370648257,
    0.346693714365186,
    0.34674164877716707,
    0.31995323253278846,
    0.23487556620336392,
    0.23111076456126015,
    0.23069358079673172
  ],
  "val_loss": [
    0.6918685569730801,
    0.6798921411330677,
    0.6991678015522885,
    0.7058742881784434,
    0.7015192822942397,
    0.6797972006756804,
    0.6883242523024721,
    0.6860823673277244,
    0.6837572479489008,
    0.708947864896334,
    0.5513342235055616,
    0.49940592922127347,
    0.492391716099798,
    0.48462206353742854
  ],
  "train_accuracy": [
    0.7503855651032096,
    0.7503708547880269,
    0.7504681493287967,
    0.7503236269340193,
    0.7499016731564104,
    0.7499145769416584,
    0.7501357478208087,
    0.7500756161815532,
    0.7503202719498548,
    0.7499037377620501,
    0.787653245353605,
    0.8531778926157315,
    0.8547118946060113,
    0.854662602146364
  ],
  "val_accuracy": [
    0.9174225892329367,
    0.9109781734303403,
    0.12517277700987994,
    0.07741743370029466,
    0.11927502544433136,
    0.9209425735885618,
    0.9216270149910445,
    0.9226181216972369,
    0.9226225661219284,
    0.0775952106879525,
    0.8137608277296545,
    0.8901471549015337,
    0.8561650837107391,
    0.4645579352980653
  ],
  "best_epoch": 9,
  "training_time_seconds": 2786.679379940033
}