{
  "training": {
    "training_time_seconds": 2673.946097612381,
    "best_epoch": 7,
    "total_epochs": 12
  },
  "metrics": {
    "train": {
      "accuracy": 0.95888,
      "balanced_accuracy": 0.9591370979419539,
      "precision_macro": 0.9641020179927814,
      "recall_macro": 0.9591370979419539,
      "f1_macro": 0.9587578727544324,
      "precision_weighted": 0.9641417984876975,
      "recall_weighted": 0.95888,
      "f1_weighted": 0.958640295438281,
      "mcc": 0.9471167251850594,
      "confusion_matrix": [
        [
          12425,
          0,
          0,
          0
        ],
        [
          0,
          10574,
          2007,
          0
        ],
        [
          0,
          49,
          12434,
          0
        ],
        [
          0,
          0,
          0,
          12511
        ]
      ],
      "per_class_precision": [
        1.0,
        0.9953873670337946,
        0.8610207049373312,
        1.0
      ],
      "per_class_recall": [
        1.0,
        0.8404737302281218,
        0.9960746615396939,
        1.0
      ],
      "per_class_f1": [
        1.0,
        0.9113945871401482,
        0.9236369038775814,
        1.0
      ]
    },
    "val": {
      "accuracy": 0.856293972026791,
      "balanced_accuracy": 0.7102177925679998,
      "precision_macro": 0.5873084933320487,
      "recall_macro": 0.7102177925679998,
      "f1_macro": 0.6082884178756119,
      "precision_weighted": 0.9493354017729979,
      "recall_weighted": 0.856293972026791,
      "f1_weighted": 0.8847764225899494,
      "mcc": 0.5420316698986112,
      "confusion_matrix": [
        [
          10,
          0,
          0,
          0
        ],
        [
          0,
          175312,
          32268,
          1
        ],
        [
          0,
          64,
          17345,
          0
        ],
        [
          0,
          0,
          1,
          0
        ]
      ],
      "per_class_precision": [
        1.0,
        0.9996350697929021,
        0.34959890353529244,
        0.0
      ],
      "per_class_recall": [
        1.0,
        0.8445474296780534,
        0.9963237405939457,
        0.0
      ],
      "per_class_f1": [
        1.0,
        0.9155701553960366,
        0.5175835161064112,
        0.0
      ]
    },
    "test": {
      "accuracy": 0.8552133333333334,
      "balanced_accuracy": 0.9598184944738808,
      "precision_macro": 0.7118587668744815,
      "recall_macro": 0.9598184944738808,
      "f1_macro": 0.7742867666917624,
      "precision_weighted": 0.9491592043340034,
      "recall_weighted": 0.8552133333333334,
      "f1_weighted": 0.8839906813407126,
      "mcc": 0.5401355201897641,
      "confusion_matrix": [
        [
          10,
          0,
          0,
          0
        ],
        [
          0,
          175075,
          32504,
          1
        ],
        [
          0,
          72,
          17337,
          0
        ],
        [
          0,
          0,
          0,
          1
        ]
      ],
      "per_class_precision": [
        1.0,
        0.999588916738511,
        0.34784615075941494,
        0.5
      ],
      "per_class_recall": [
        1.0,
        0.8434097697273341,
        0.9958642081681889,
        1.0
      ],
      "per_class_f1": [
        1.0,
        0.9148818870892307,
        0.5155985130111524,
        0.6666666666666666
      ]
    }
  }
}