{
  "epochs": [
    1,
    2,
    3,
    4,
    5,
    6,
    7,
    8,
    9,
    10,
    11,
    12
  ],
  "train_loss": [
    0.3475888729294324,
    0.34697026731731384,
    0.3467905532869406,
    0.3036954970412708,
    0.13423172078419304,
    0.11564727330865752,
    0.11451551950240621,
    0.1139036306548598,
    0.11358350466195405,
    0.11355203055815662,
    0.12327998357833399,
    0.1202795080727803
  ],
  "val_loss": [
    0.6881230075305483,
    0.700741006746761,
    0.7176957811667806,
    0.3543722682315539,
    0.2922538392716545,
    0.27025970535676935,
    0.2810760068145384,
    0.2906656120315507,
    0.28231970397984857,
    0.281306537956781,
    0.30532388313750763,
    0.2915193130044189
  ],
  "train_accuracy": [
    0.7521740297385796,
    0.7516052308848487,
    0.7551573848879125,
    0.7964944028541109,
    0.944742636583986,
    0.9570600738302977,
    0.957312988021158,
    0.9575253843263398,
    0.9575106740111571,
    0.9575849998141855,
    0.9547110687637554,
    0.9561921652345186
  ],
  "val_accuracy": [
    0.7474100115110599,
    0.0774218781249861,
    0.3211541282038746,
    0.7620543908693739,
    0.8714139048270897,
    0.8555117532810965,
    0.8726850102888432,
    0.870649463780161,
    0.8682628077208546,
    0.865396153794872,
    0.8660450397998231,
    0.856293972026791
  ],
  "best_epoch": 7,
  "training_time_seconds": 2673.946097612381
}