{
  "training": {
    "training_time_seconds": 82.21460843086243,
    "best_epoch": 9,
    "total_epochs": 12
  },
  "metrics": {
    "train": {
      "accuracy": 0.7081752779594506,
      "balanced_accuracy": 0.6589054532555088,
      "precision_macro": 0.45011578990486495,
      "recall_macro": 0.6589054532555088,
      "f1_macro": 0.49177965390908085,
      "precision_weighted": 0.8591667564098959,
      "recall_weighted": 0.7081752779594506,
      "f1_weighted": 0.73862548629619,
      "mcc": 0.5251906745384947,
      "confusion_matrix": [
        [
          197,
          6,
          0,
          13,
          0,
          0
        ],
        [
          15,
          665,
          0,
          26,
          0,
          0
        ],
        [
          12,
          21,
          86,
          32,
          24,
          0
        ],
        [
          310,
          1033,
          65,
          4013,
          638,
          0
        ],
        [
          8,
          2,
          0,
          16,
          453,
          0
        ],
        [
          0,
          5,
          0,
          4,
          1,
          0
        ]
      ],
      "per_class_precision": [
        0.3634686346863469,
        0.38394919168591224,
        0.5695364238410596,
        0.9778265107212476,
        0.40591397849462363,
        0.0
      ],
      "per_class_recall": [
        0.9120370370370371,
        0.9419263456090652,
        0.49142857142857144,
        0.6623205149364582,
        0.9457202505219207,
        0.0
      ],
      "per_class_f1": [
        0.5197889182058048,
        0.5455291222313372,
        0.5276073619631901,
        0.7897274426842468,
        0.568025078369906,
        0.0
      ]
    },
    "val": {
      "accuracy": 0.7028676021964613,
      "balanced_accuracy": 0.6703563890105549,
      "precision_macro": 0.4457449469340171,
      "recall_macro": 0.6703563890105549,
      "f1_macro": 0.48924933600112763,
      "precision_weighted": 0.861362823449199,
      "recall_weighted": 0.7028676021964613,
      "f1_weighted": 0.7327751801500464,
      "mcc": 0.5287984835507332,
      "confusion_matrix": [
        [
          46,
          0,
          0,
          1,
          0,
          0
        ],
        [
          2,
          144,
          0,
          5,
          0,
          0
        ],
        [
          2,
          5,
          17,
          9,
          4,
          0
        ],
        [
          71,
          218,
          15,
          844,
          151,
          0
        ],
        [
          1,
          1,
          0,
          0,
          101,
          0
        ],
        [
          0,
          1,
          0,
          1,
          0,
          0
        ]
      ],
      "per_class_precision": [
        0.3770491803278688,
        0.3902439024390244,
        0.53125,
        0.9813953488372092,
        0.39453125,
        0.0
      ],
      "per_class_recall": [
        0.9787234042553191,
        0.9536423841059603,
        0.4594594594594595,
        0.6497305619707467,
        0.9805825242718447,
        0.0
      ],
      "per_class_f1": [
        0.5443786982248521,
        0.5538461538461539,
        0.4927536231884058,
        0.7818434460398332,
        0.5626740947075209,
        0.0
      ]
    },
    "test": {
      "accuracy": 0.6992068334350213,
      "balanced_accuracy": 0.6358920218865033,
      "precision_macro": 0.429430548848937,
      "recall_macro": 0.6358920218865033,
      "f1_macro": 0.4643676238857897,
      "precision_weighted": 0.8574247605378039,
      "recall_weighted": 0.6992068334350213,
      "f1_weighted": 0.7299775168399815,
      "mcc": 0.5175798922082275,
      "confusion_matrix": [
        [
          42,
          2,
          0,
          3,
          0,
          0
        ],
        [
          3,
          146,
          0,
          2,
          0,
          0
        ],
        [
          5,
          4,
          13,
          8,
          7,
          0
        ],
        [
          73,
          209,
          14,
          847,
          156,
          0
        ],
        [
          2,
          0,
          0,
          3,
          98,
          0
        ],
        [
          0,
          0,
          0,
          2,
          0,
          0
        ]
      ],
      "per_class_precision": [
        0.336,
        0.40443213296398894,
        0.48148148148148145,
        0.9791907514450867,
        0.37547892720306514,
        0.0
      ],
      "per_class_recall": [
        0.8936170212765957,
        0.9668874172185431,
        0.35135135135135137,
        0.6520400307929176,
        0.9514563106796117,
        0.0
      ],
      "per_class_f1": [
        0.4883720930232558,
        0.5703125,
        0.40625,
        0.7828096118299446,
        0.5384615384615384,
        0.0
      ]
    }
  }
}