{
  "epochs": [
    1,
    2,
    3,
    4,
    5,
    6,
    7,
    8,
    9,
    10,
    11,
    12
  ],
  "train_loss": [
    1.5037548256980742,
    1.2406945775192963,
    1.0518267169779933,
    0.920420486939507,
    0.7724398244510997,
    0.7085067273706607,
    0.5938057204022604,
    0.496401458006033,
    0.42807183641090046,
    0.4317773064204959,
    0.7911052925094348,
    0.7723106901461662
  ],
  "val_loss": [
    1.1691800491921853,
    1.0504606119592863,
    0.8441939815433379,
    0.7455457714070919,
    0.603746009643955,
    0.5517154380706405,
    0.4977153282001151,
    0.4190363002630761,
    0.3764118958603252,
    0.3714710139079091,
    0.5732077267236867,
    0.6751895034145916
  ],
  "train_accuracy": [
    0.40863309352517985,
    0.4693263570961413,
    0.5352517985611511,
    0.6133420536298234,
    0.6757357750163505,
    0.7047743623283191,
    0.7584041857423153,
    0.7891432308698496,
    0.8283845650752125,
    0.8414650098103336,
    0.719032047089601,
    0.728973185088293
  ],
  "val_accuracy": [
    0.4514948139109213,
    0.37095790115924343,
    0.41488712629652225,
    0.5210494203782794,
    0.5771812080536913,
    0.7309334960341671,
    0.7699816961561928,
    0.8352654057352044,
    0.8462477120195241,
    0.8383160463697377,
    0.724222086638194,
    0.7028676021964613
  ],
  "best_epoch": 9,
  "training_time_seconds": 82.21460843086243
}