{
  "training": {
    "training_time_seconds": 744.848397731781,
    "best_epoch": 1,
    "total_epochs": 1
  },
  "metrics": {
    "train": {
      "accuracy": 0.78626,
      "balanced_accuracy": 0.9452117973345706,
      "precision_macro": 0.5921576964114557,
      "recall_macro": 0.9452117973345706,
      "f1_macro": 0.6581982242749039,
      "precision_weighted": 0.928739719460915,
      "recall_weighted": 0.78626,
      "f1_weighted": 0.8255700869155199,
      "mcc": 0.6051399039346352,
      "confusion_matrix": [
        [
          2777,
          0,
          1,
          17,
          0
        ],
        [
          0,
          4124,
          3,
          23,
          21
        ],
        [
          0,
          0,
          2,
          0,
          0
        ],
        [
          10,
          5870,
          0,
          31069,
          4740
        ],
        [
          0,
          2,
          0,
          0,
          1341
        ]
      ],
      "per_class_precision": [
        0.9964119124506639,
        0.4125650260104042,
        0.3333333333333333,
        0.9987141984634672,
        0.21976401179941002
      ],
      "per_class_recall": [
        0.9935599284436494,
        0.9887317190122272,
        1.0,
        0.7452565424932236,
        0.9985107967237528
      ],
      "per_class_f1": [
        0.9949838767466858,
        0.5821980659278605,
        0.5,
        0.8535674056979587,
        0.36024177300201476
      ]
    },
    "val": {
      "accuracy": 0.785375,
      "balanced_accuracy": 0.8822414179583138,
      "precision_macro": 0.6779440236982787,
      "recall_macro": 0.8822414179583138,
      "f1_macro": 0.692362754739888,
      "precision_weighted": 0.9251932781950328,
      "recall_weighted": 0.785375,
      "f1_weighted": 0.8239691103384662,
      "mcc": 0.6019347394297528,
      "confusion_matrix": [
        [
          33209,
          2,
          8,
          209,
          0,
          0
        ],
        [
          0,
          48900,
          14,
          848,
          363,
          0
        ],
        [
          0,
          0,
          17,
          0,
          0,
          0
        ],
        [
          184,
          69458,
          0,
          372055,
          57319,
          0
        ],
        [
          0,
          61,
          0,
          307,
          17041,
          0
        ],
        [
          2,
          0,
          0,
          0,
          0,
          3
        ]
      ],
      "per_class_precision": [
        0.9944303039377153,
        0.4129335168593408,
        0.4358974358974359,
        0.9963472667432562,
        0.22805561875192376,
        1.0
      ],
      "per_class_recall": [
        0.9934486059590762,
        0.9755610972568578,
        1.0,
        0.7455772961187617,
        0.9788615084151876,
        0.6
      ],
      "per_class_f1": [
        0.9939392125465782,
        0.5802570218219358,
        0.6071428571428571,
        0.8529116782339086,
        0.36992575869404765,
        0.75
      ]
    },
    "test": {
      "accuracy": 0.78536,
      "balanced_accuracy": 0.9381763147184264,
      "precision_macro": 0.6978022281758501,
      "recall_macro": 0.9381763147184264,
      "f1_macro": 0.7489883226329276,
      "precision_weighted": 0.9251941256577572,
      "recall_weighted": 0.78536,
      "f1_weighted": 0.8240346887077376,
      "mcc": 0.6018215515155285,
      "confusion_matrix": [
        [
          33230,
          2,
          4,
          190,
          2,
          0
        ],
        [
          0,
          48900,
          8,
          859,
          359,
          0
        ],
        [
          0,
          1,
          15,
          0,
          0,
          0
        ],
        [
          195,
          68972,
          0,
          372069,
          57780,
          0
        ],
        [
          0,
          63,
          0,
          349,
          16997,
          0
        ],
        [
          0,
          0,
          0,
          0,
          0,
          5
        ]
      ],
      "per_class_precision": [
        0.994166043380703,
        0.41462463328189386,
        0.5555555555555556,
        0.9962566973788849,
        0.22621043945806382,
        1.0
      ],
      "per_class_recall": [
        0.9940768218260141,
        0.9755416350795995,
        0.9375,
        0.7456053513314203,
        0.9763340800735252,
        1.0
      ],
      "per_class_f1": [
        0.9941214306014688,
        0.5819211728865195,
        0.6976744186046512,
        0.8528968472738151,
        0.3673160664311107,
        1.0
      ]
    }
  }
}