{
  "epochs": [
    1
  ],
  "train_loss": [],
  "val_loss": [],
  "train_accuracy": [
    0.7875253571428571
  ],
  "val_accuracy": [
    0.785375
  ],
  "best_epoch": 1,
  "training_time_seconds": 744.848397731781
}