{
  "training": {
    "training_time_seconds": 26.546245574951172,
    "best_epoch": 1,
    "total_epochs": 1
  },
  "metrics": {
    "train": {
      "accuracy": 0.9601004637104267,
      "balanced_accuracy": 0.9601004637104267,
      "precision_macro": 0.963560457441047,
      "recall_macro": 0.9601004637104267,
      "f1_macro": 0.9599381986742334,
      "precision_weighted": 0.9635604574410471,
      "recall_weighted": 0.9601004637104267,
      "f1_weighted": 0.9599381986742334,
      "mcc": 0.9480815098666231,
      "confusion_matrix": [
        [
          968708,
          0,
          0,
          0
        ],
        [
          0,
          829755,
          138953,
          0
        ],
        [
          0,
          15651,
          953057,
          0
        ],
        [
          0,
          0,
          0,
          968708
        ]
      ],
      "per_class_precision": [
        1.0,
        0.9814870015116997,
        0.8727548282524885,
        1.0
      ],
      "per_class_recall": [
        1.0,
        0.8565584262749972,
        0.9838434285667095,
        1.0
      ],
      "per_class_f1": [
        1.0,
        0.9147771308749064,
        0.9249756638220271,
        1.0
      ]
    },
    "val": {
      "accuracy": 0.8674939222492345,
      "balanced_accuracy": 0.9600809426284708,
      "precision_macro": 0.8413066001796621,
      "recall_macro": 0.9600809426284708,
      "f1_macro": 0.8642673954266522,
      "precision_weighted": 0.9494404851151325,
      "recall_weighted": 0.8674939222492345,
      "f1_weighted": 0.892702503397384,
      "mcc": 0.5541425325131735,
      "confusion_matrix": [
        [
          10,
          0,
          0,
          0
        ],
        [
          0,
          178072,
          29509,
          0
        ],
        [
          0,
          305,
          17104,
          0
        ],
        [
          0,
          0,
          0,
          1
        ]
      ],
      "per_class_precision": [
        1.0,
        0.9982901383025838,
        0.3669362624160642,
        1.0
      ],
      "per_class_recall": [
        1.0,
        0.8578434442458607,
        0.9824803262680223,
        1.0
      ],
      "per_class_f1": [
        1.0,
        0.922753252944621,
        0.5343163287619881,
        1.0
      ]
    },
    "test": {
      "accuracy": 0.8662844444444444,
      "balanced_accuracy": 0.7094518024635292,
      "precision_macro": 0.590708946280158,
      "recall_macro": 0.7094518024635292,
      "f1_macro": 0.6134329873312258,
      "precision_weighted": 0.9491351655277448,
      "recall_weighted": 0.8662844444444444,
      "f1_weighted": 0.8918054304371391,
      "mcc": 0.5514703596734442,
      "confusion_matrix": [
        [
          10,
          0,
          0,
          0
        ],
        [
          0,
          177823,
          29757,
          0
        ],
        [
          0,
          328,
          17081,
          0
        ],
        [
          0,
          1,
          0,
          0
        ]
      ],
      "per_class_precision": [
        1.0,
        0.9981532623826844,
        0.3646825227379478,
        0.0
      ],
      "per_class_recall": [
        1.0,
        0.8566480393101454,
        0.9811591705439715,
        0.0
      ],
      "per_class_f1": [
        1.0,
        0.9220028413509898,
        0.5317291079739132,
        0.0
      ]
    }
  }
}