{
  "training": {
    "training_time_seconds": 161.0565664768219,
    "best_epoch": 1,
    "total_epochs": 1
  },
  "metrics": {
    "train": {
      "accuracy": 0.71224,
      "balanced_accuracy": 0.9240592651832771,
      "precision_macro": 0.7145596707066802,
      "recall_macro": 0.9240592651832771,
      "f1_macro": 0.7364940665446524,
      "precision_weighted": 0.9150925997508058,
      "recall_weighted": 0.71224,
      "f1_weighted": 0.7650972147067925,
      "mcc": 0.46849025285040435,
      "confusion_matrix": [
        [
          142,
          0,
          0,
          0,
          1
        ],
        [
          0,
          3559,
          0,
          49,
          48
        ],
        [
          0,
          0,
          2,
          0,
          0
        ],
        [
          0,
          6476,
          0,
          29686,
          7764
        ],
        [
          0,
          22,
          0,
          28,
          2223
        ]
      ],
      "per_class_precision": [
        1.0,
        0.3538828676543701,
        1.0,
        0.9974128952054564,
        0.22150259067357514
      ],
      "per_class_recall": [
        0.993006993006993,
        0.9734682713347921,
        1.0,
        0.6758184218913628,
        0.978002639683238
      ],
      "per_class_f1": [
        0.9964912280701754,
        0.5190694960985925,
        1.0,
        0.8057104859612697,
        0.36119912259322445
      ]
    },
    "val": {
      "accuracy": 0.7081413333333333,
      "balanced_accuracy": 0.7684744346156535,
      "precision_macro": 0.5319682351013816,
      "recall_macro": 0.7684744346156535,
      "f1_macro": 0.573065483284101,
      "precision_weighted": 0.9150056200887736,
      "recall_weighted": 0.7081413333333333,
      "f1_weighted": 0.7618318348184379,
      "mcc": 0.46405581408088575,
      "confusion_matrix": [
        [
          939,
          1,
          0,
          3,
          10,
          0
        ],
        [
          0,
          26093,
          9,
          309,
          392,
          0
        ],
        [
          0,
          0,
          15,
          0,
          0,
          0
        ],
        [
          0,
          48908,
          0,
          221434,
          59475,
          0
        ],
        [
          0,
          95,
          0,
          242,
          17072,
          0
        ],
        [
          0,
          0,
          0,
          3,
          0,
          0
        ]
      ],
      "per_class_precision": [
        1.0,
        0.347457288573445,
        0.625,
        0.9974908892702857,
        0.22186123276455835,
        0.0
      ],
      "per_class_recall": [
        0.9853095487932844,
        0.9735104279371712,
        1.0,
        0.6713844343984695,
        0.9806421965649951,
        0.0
      ],
      "per_class_f1": [
        0.992600422832981,
        0.5121295387634937,
        0.7692307692307693,
        0.8025762584087218,
        0.3618559104686407,
        0.0
      ]
    },
    "test": {
      "accuracy": 0.708856,
      "balanced_accuracy": 0.7449546343533103,
      "precision_macro": 0.5049707102894465,
      "recall_macro": 0.7449546343533103,
      "f1_macro": 0.5452020395065448,
      "precision_weighted": 0.9152749032301521,
      "recall_weighted": 0.708856,
      "f1_weighted": 0.76247971505677,
      "mcc": 0.46496689131435476,
      "confusion_matrix": [
        [
          940,
          0,
          0,
          4,
          10,
          0
        ],
        [
          0,
          26067,
          14,
          306,
          416,
          0
        ],
        [
          0,
          0,
          12,
          2,
          0,
          0
        ],
        [
          0,
          48609,
          0,
          221697,
          59511,
          0
        ],
        [
          0,
          109,
          0,
          195,
          17105,
          0
        ],
        [
          0,
          0,
          0,
          3,
          0,
          0
        ]
      ],
      "per_class_precision": [
        1.0,
        0.3485592030487397,
        0.46153846153846156,
        0.9977048427817305,
        0.22202175436774746,
        0.0
      ],
      "per_class_recall": [
        0.9853249475890985,
        0.9725403872700817,
        0.8571428571428571,
        0.6721818462965826,
        0.9825377678212419,
        0.0
      ],
      "per_class_f1": [
        0.9926082365364308,
        0.5131905343150766,
        0.6,
        0.8032150776053215,
        0.3621983885824396,
        0.0
      ]
    }
  }
}