class,total_predictions,total_errors,error_rate
scan,14,14,1.0
normal,9093,1501,0.16507203343231056
MITM,1057,36,0.03405865657521287
DoS,329,4,0.0121580547112462
nomal,259,2,0.007722007722007722
physical fault,721,5,0.006934812760055479
