class,total_predictions,total_errors,error_rate
scan,58,58,1.0
normal,37671,4346,0.11536725863396247
nomal,1073,51,0.047530288909599254
MITM,4379,146,0.03334094542132907
DoS,1363,16,0.01173881144534116
physical fault,2987,29,0.009708737864077669
