class,total_predictions,total_errors,error_rate
scan,20,20,1.0
normal,12990,1583,0.12186297151655119
MITM,1510,43,0.02847682119205298
nomal,370,7,0.01891891891891892
DoS,470,6,0.01276595744680851
physical fault,1030,8,0.007766990291262136
