class,total_predictions,total_errors,error_rate
scan,38,38,1.0
normal,24681,2476,0.10032008427535351
nomal,703,15,0.021337126600284494
MITM,2869,61,0.02126176368072499
DoS,893,7,0.007838745800671893
physical fault,1957,9,0.004598875830352581
