{
  "training": {
    "training_time_seconds": 385.68301153182983,
    "best_epoch": 1,
    "total_epochs": 1
  },
  "metrics": {
    "train": {
      "accuracy": 0.71302,
      "balanced_accuracy": 0.7237603977270772,
      "precision_macro": 0.5150088223674466,
      "recall_macro": 0.7237603977270772,
      "f1_macro": 0.5369232840400444,
      "precision_weighted": 0.9152805521767909,
      "recall_weighted": 0.71302,
      "f1_weighted": 0.7659942961520912,
      "mcc": 0.46878588268133775,
      "confusion_matrix": [
        [
          142,
          0,
          0,
          1,
          0
        ],
        [
          0,
          3541,
          0,
          45,
          70
        ],
        [
          0,
          0,
          0,
          0,
          2
        ],
        [
          0,
          6328,
          0,
          29740,
          7858
        ],
        [
          0,
          14,
          0,
          31,
          2228
        ]
      ],
      "per_class_precision": [
        1.0,
        0.35829201659415155,
        0.0,
        0.9974175805748399,
        0.21933451466824178
      ],
      "per_class_recall": [
        0.993006993006993,
        0.9685448577680525,
        0.0,
        0.6770477621454264,
        0.9802023757149142
      ],
      "per_class_f1": [
        0.9964912280701754,
        0.5230814683506906,
        0.0,
        0.8065850317996285,
        0.3584586919797281
      ]
    },
    "val": {
      "accuracy": 0.7098,
      "balanced_accuracy": 0.6019133093143038,
      "precision_macro": 0.42842720725967576,
      "recall_macro": 0.6019133093143038,
      "f1_macro": 0.4456193613361074,
      "precision_weighted": 0.915114524998216,
      "recall_weighted": 0.7098,
      "f1_weighted": 0.7633324597299062,
      "mcc": 0.4650817453706147,
      "confusion_matrix": [
        [
          938,
          2,
          0,
          3,
          10,
          0
        ],
        [
          0,
          25992,
          0,
          361,
          450,
          0
        ],
        [
          0,
          0,
          0,
          0,
          15,
          0
        ],
        [
          0,
          47685,
          0,
          222114,
          60018,
          0
        ],
        [
          0,
          38,
          0,
          240,
          17131,
          0
        ],
        [
          0,
          0,
          0,
          0,
          3,
          0
        ]
      ],
      "per_class_precision": [
        1.0,
        0.3525916681362508,
        0.0,
        0.9972880503596476,
        0.22068352506215622,
        0.0
      ],
      "per_class_recall": [
        0.9842602308499475,
        0.9697421930380927,
        0.0,
        0.6734461837928306,
        0.9840312482049515,
        0.0
      ],
      "per_class_f1": [
        0.9920676890534109,
        0.5171508157580581,
        0.0,
        0.8039816482213796,
        0.3605160149837956,
        0.0
      ]
    },
    "test": {
      "accuracy": 0.7107946666666667,
      "balanced_accuracy": 0.6014544061701168,
      "precision_macro": 0.4286529412678394,
      "recall_macro": 0.6014544061701168,
      "f1_macro": 0.445735383912008,
      "precision_weighted": 0.9151977664401848,
      "recall_weighted": 0.7107946666666667,
      "f1_weighted": 0.7641756992837212,
      "mcc": 0.46577298083094276,
      "confusion_matrix": [
        [
          936,
          3,
          0,
          3,
          12,
          0
        ],
        [
          0,
          25965,
          0,
          375,
          463,
          0
        ],
        [
          0,
          0,
          0,
          0,
          14,
          0
        ],
        [
          0,
          47420,
          0,
          222513,
          59884,
          0
        ],
        [
          0,
          46,
          0,
          229,
          17134,
          0
        ],
        [
          0,
          0,
          0,
          0,
          3,
          0
        ]
      ],
      "per_class_precision": [
        1.0,
        0.3535828090530272,
        0.0,
        0.997279490856938,
        0.22105534769707136,
        0.0
      ],
      "per_class_recall": [
        0.9811320754716981,
        0.9687348431145767,
        0.0,
        0.674655945569816,
        0.9842035728646102,
        0.0
      ],
      "per_class_f1": [
        0.9904761904761905,
        0.5180721689595659,
        0.0,
        0.8048403344323133,
        0.3610236096039781,
        0.0
      ]
    }
  }
}