{
  "training": {
    "training_time_seconds": 38.034634590148926,
    "best_epoch": 10,
    "total_epochs": 15
  },
  "metrics": {
    "train": {
      "accuracy": 0.9667711943665072,
      "balanced_accuracy": 0.966771194366507,
      "precision_macro": 0.968156356065386,
      "recall_macro": 0.966771194366507,
      "f1_macro": 0.9661656966685345,
      "precision_weighted": 0.968156356065386,
      "recall_weighted": 0.9667711943665072,
      "f1_weighted": 0.9661656966685342,
      "mcc": 0.9606083356873685,
      "confusion_matrix": [
        [
          6059,
          0,
          0,
          0,
          0,
          0
        ],
        [
          0,
          5915,
          6,
          13,
          0,
          125
        ],
        [
          0,
          0,
          5938,
          0,
          0,
          121
        ],
        [
          120,
          453,
          43,
          5145,
          127,
          171
        ],
        [
          0,
          0,
          29,
          0,
          6030,
          0
        ],
        [
          0,
          0,
          0,
          0,
          0,
          6059
        ]
      ],
      "per_class_precision": [
        0.9805793817769866,
        0.9288630653266332,
        0.9870345744680851,
        0.9974796432725863,
        0.9793730713009583,
        0.935608400247066
      ],
      "per_class_recall": [
        1.0,
        0.9762337019310117,
        0.9800297078725863,
        0.8491500247565605,
        0.9952137316388843,
        1.0
      ],
      "per_class_f1": [
        0.9901944762216048,
        0.9519594431479842,
        0.9835196687370601,
        0.917357582241241,
        0.9872298624754421,
        0.966733147187874
      ]
    },
    "val": {
      "accuracy": 0.87614399023795,
      "balanced_accuracy": 0.7973153705224734,
      "precision_macro": 0.6256757919804906,
      "recall_macro": 0.7973153705224734,
      "f1_macro": 0.6919145961425932,
      "precision_weighted": 0.9304854568697499,
      "recall_weighted": 0.87614399023795,
      "f1_weighted": 0.8925937334332308,
      "mcc": 0.7476678276431213,
      "confusion_matrix": [
        [
          47,
          0,
          0,
          0,
          0,
          0
        ],
        [
          0,
          145,
          0,
          1,
          0,
          5
        ],
        [
          0,
          0,
          36,
          0,
          0,
          1
        ],
        [
          29,
          88,
          11,
          1105,
          34,
          32
        ],
        [
          0,
          0,
          0,
          0,
          103,
          0
        ],
        [
          0,
          1,
          0,
          1,
          0,
          0
        ]
      ],
      "per_class_precision": [
        0.618421052631579,
        0.6196581196581197,
        0.7659574468085106,
        0.998193315266486,
        0.7518248175182481,
        0.0
      ],
      "per_class_recall": [
        1.0,
        0.9602649006622517,
        0.972972972972973,
        0.850654349499615,
        1.0,
        0.0
      ],
      "per_class_f1": [
        0.7642276422764228,
        0.7532467532467533,
        0.8571428571428571,
        0.9185369908561929,
        0.8583333333333333,
        0.0
      ]
    },
    "test": {
      "accuracy": 0.8700427089688835,
      "balanced_accuracy": 0.7945824784146672,
      "precision_macro": 0.6152474780986505,
      "recall_macro": 0.7945824784146672,
      "f1_macro": 0.6843380523321407,
      "precision_weighted": 0.9285562621298924,
      "recall_weighted": 0.8700427089688835,
      "f1_weighted": 0.8875569987074653,
      "mcc": 0.7398846939030826,
      "confusion_matrix": [
        [
          47,
          0,
          0,
          0,
          0,
          0
        ],
        [
          0,
          148,
          0,
          0,
          0,
          3
        ],
        [
          0,
          0,
          35,
          0,
          0,
          2
        ],
        [
          24,
          87,
          16,
          1093,
          41,
          38
        ],
        [
          0,
          0,
          0,
          0,
          103,
          0
        ],
        [
          0,
          0,
          0,
          2,
          0,
          0
        ]
      ],
      "per_class_precision": [
        0.6619718309859155,
        0.6297872340425532,
        0.6862745098039216,
        0.9981735159817352,
        0.7152777777777778,
        0.0
      ],
      "per_class_recall": [
        1.0,
        0.9801324503311258,
        0.9459459459459459,
        0.8414164742109315,
        1.0,
        0.0
      ],
      "per_class_f1": [
        0.7966101694915254,
        0.7668393782383419,
        0.7954545454545454,
        0.9131161236424394,
        0.8340080971659919,
        0.0
      ]
    }
  }
}