{
  "epochs": [
    1,
    2,
    3,
    4,
    5,
    6,
    7,
    8,
    9,
    10,
    11,
    12,
    13,
    14,
    15
  ],
  "train_loss": [
    0.6468429419836563,
    0.35949711097364295,
    0.3011106971028077,
    0.26963093017544126,
    0.24714372987275524,
    0.2389858766259773,
    0.22078800478174118,
    0.20925194783993023,
    0.19954894355654473,
    0.19639064362978145,
    0.19143119978387935,
    0.18288486489317313,
    0.17689382927629063,
    0.17394360395104025,
    0.17153717955458497
  ],
  "val_loss": [
    0.7306062930455071,
    0.6062639735325435,
    0.5082320681863474,
    0.48956747306709686,
    0.5179187025217984,
    0.4651243856143777,
    0.412288602330177,
    0.519551127330787,
    0.3751108102259511,
    0.3526932326048304,
    0.3534364664132745,
    0.37818507171935467,
    0.40558636061224435,
    0.3804419179963513,
    0.37606112909906153
  ],
  "train_accuracy": [
    0.7743026902129064,
    0.8745392529020191,
    0.896875171920559,
    0.9068603179842658,
    0.9163228255487704,
    0.9193486273862573,
    0.9266380590856577,
    0.9290587005556472,
    0.9348902459151676,
    0.9350552896517578,
    0.9385487154095835,
    0.9404742256698025,
    0.9417670682730924,
    0.9423172140617263,
    0.9438576222699016
  ],
  "val_accuracy": [
    0.726052471018914,
    0.760829774252593,
    0.8206223306894448,
    0.8370957901159244,
    0.8267236119585113,
    0.8425869432580841,
    0.8547895057962172,
    0.8230628431970713,
    0.8743136058572301,
    0.8810250152532032,
    0.8755338621110433,
    0.8676021964612569,
    0.8669920683343502,
    0.8749237339841367,
    0.87614399023795
  ],
  "best_epoch": 10,
  "training_time_seconds": 38.034634590148926
}