{
  "training": {
    "training_time_seconds": 108.05100917816162,
    "best_epoch": 27,
    "total_epochs": 32
  },
  "metrics": {
    "train": {
      "accuracy": 0.9849535126808604,
      "balanced_accuracy": 0.9849535126808604,
      "precision_macro": 0.9852595529401089,
      "recall_macro": 0.9849535126808604,
      "f1_macro": 0.9848020126572489,
      "precision_weighted": 0.985259552940109,
      "recall_weighted": 0.9849535126808604,
      "f1_weighted": 0.9848020126572489,
      "mcc": 0.9820614397549536,
      "confusion_matrix": [
        [
          6059,
          0,
          0,
          0,
          0,
          0
        ],
        [
          0,
          6006,
          26,
          0,
          0,
          27
        ],
        [
          0,
          0,
          6015,
          0,
          0,
          44
        ],
        [
          55,
          212,
          24,
          5609,
          62,
          97
        ],
        [
          0,
          0,
          0,
          0,
          6059,
          0
        ],
        [
          0,
          0,
          0,
          0,
          0,
          6059
        ]
      ],
      "per_class_precision": [
        0.9910042525351652,
        0.965905435831457,
        0.9917559769167353,
        1.0,
        0.9898709361215488,
        0.9730207162357476
      ],
      "per_class_recall": [
        1.0,
        0.9912526819607196,
        0.9927380755900314,
        0.9257303185344116,
        1.0,
        1.0
      ],
      "per_class_f1": [
        0.9954818039924422,
        0.9784149222122669,
        0.9922467832398548,
        0.9614329790881042,
        0.9949096880131363,
        0.9863258993976884
      ]
    },
    "val": {
      "accuracy": 0.9347162904209884,
      "balanced_accuracy": 0.8125588843818354,
      "precision_macro": 0.7023933914325805,
      "recall_macro": 0.8125588843818354,
      "f1_macro": 0.7503913189694797,
      "precision_weighted": 0.9550350341380964,
      "recall_weighted": 0.9347162904209884,
      "f1_weighted": 0.9412283960400099,
      "mcc": 0.8477152770494417,
      "confusion_matrix": [
        [
          47,
          0,
          0,
          0,
          0,
          0
        ],
        [
          0,
          148,
          1,
          0,
          0,
          2
        ],
        [
          0,
          0,
          36,
          0,
          0,
          1
        ],
        [
          13,
          52,
          6,
          1198,
          17,
          13
        ],
        [
          0,
          0,
          0,
          0,
          103,
          0
        ],
        [
          0,
          1,
          0,
          1,
          0,
          0
        ]
      ],
      "per_class_precision": [
        0.7833333333333333,
        0.736318407960199,
        0.8372093023255814,
        0.9991659716430359,
        0.8583333333333333,
        0.0
      ],
      "per_class_recall": [
        1.0,
        0.9801324503311258,
        0.972972972972973,
        0.922247882986913,
        1.0,
        0.0
      ],
      "per_class_f1": [
        0.8785046728971962,
        0.8409090909090909,
        0.9,
        0.9591673338670936,
        0.9237668161434978,
        0.0
      ]
    },
    "test": {
      "accuracy": 0.9365466748017084,
      "balanced_accuracy": 0.8163445475973198,
      "precision_macro": 0.7173711507590053,
      "recall_macro": 0.8163445475973198,
      "f1_macro": 0.7612270156430702,
      "precision_weighted": 0.9592857300056864,
      "recall_weighted": 0.9365466748017084,
      "f1_weighted": 0.9449769425515466,
      "mcc": 0.85103879994258,
      "confusion_matrix": [
        [
          47,
          0,
          0,
          0,
          0,
          0
        ],
        [
          0,
          147,
          1,
          0,
          0,
          3
        ],
        [
          0,
          0,
          37,
          0,
          0,
          0
        ],
        [
          7,
          45,
          8,
          1201,
          16,
          22
        ],
        [
          0,
          0,
          0,
          0,
          103,
          0
        ],
        [
          0,
          0,
          0,
          2,
          0,
          0
        ]
      ],
      "per_class_precision": [
        0.8703703703703703,
        0.765625,
        0.8043478260869565,
        0.99833748960931,
        0.865546218487395,
        0.0
      ],
      "per_class_recall": [
        1.0,
        0.9735099337748344,
        1.0,
        0.9245573518090839,
        1.0,
        0.0
      ],
      "per_class_f1": [
        0.9306930693069307,
        0.8571428571428571,
        0.891566265060241,
        0.9600319744204636,
        0.9279279279279279,
        0.0
      ]
    }
  }
}