{
  "epochs": [
    1,
    2,
    3,
    4,
    5,
    6,
    7,
    8,
    9,
    10,
    11,
    12,
    13,
    14,
    15,
    16,
    17,
    18,
    19,
    20,
    21,
    22,
    23,
    24,
    25,
    26,
    27,
    28,
    29,
    30,
    31,
    32
  ],
  "train_loss": [
    0.591344729373313,
    0.291596328424543,
    0.23047224535645383,
    0.1986146157951437,
    0.1768758447101265,
    0.1676763308292871,
    0.15791774482566243,
    0.14725972838942064,
    0.14470547397334615,
    0.13117033497393443,
    0.12906586543465826,
    0.14510772774805428,
    0.12787112826386673,
    0.12064226883869199,
    0.15923202856444693,
    0.12095194247605522,
    0.11327895651151161,
    0.11080578285986593,
    0.10472430318795645,
    0.10363472063837714,
    0.1000513403787172,
    0.10060036766743538,
    0.09844963660959351,
    0.09771732029370783,
    0.0921713054170308,
    0.08987891424992248,
    0.09020838067743024,
    0.08909945390061419,
    0.08520537212063929,
    0.08519904289361621,
    0.08511048037354464,
    0.08291781398780722
  ],
  "val_loss": [
    0.6899293185807788,
    0.7195638141812458,
    0.40288839342391947,
    0.36612527467915024,
    0.46496420685040507,
    0.36952337118057743,
    0.33028030780537815,
    0.31221019032072045,
    0.27743699534581956,
    0.2991401854904779,
    0.3154029019217872,
    0.3277537959006736,
    0.24443655114682292,
    0.26829851375093833,
    0.3257340837663234,
    0.25943847310623064,
    0.2327201747607674,
    0.22580731464430573,
    0.28881261489780813,
    0.2594156051651234,
    0.2353522058882051,
    0.24496698137224993,
    0.23710515846392052,
    0.22351365999896544,
    0.21863446220720914,
    0.2733194336176937,
    0.20797481014443842,
    0.23344450716731605,
    0.22623429168413478,
    0.2187209421769637,
    0.20368771364854432,
    0.20369142706320145
  ],
  "train_accuracy": [
    0.793557792815096,
    0.8989382186279364,
    0.921026572041591,
    0.9331847939704021,
    0.9412169224844584,
    0.9447928701105793,
    0.9483963250261319,
    0.9527974913352039,
    0.9520272872311163,
    0.9583814710898388,
    0.9575562524068878,
    0.9519172580733894,
    0.9586840512735875,
    0.9610496781647136,
    0.9471584970017054,
    0.9611872146118722,
    0.9642955383176541,
    0.964488089343676,
    0.9664411068933267,
    0.9667987016559388,
    0.968064036969797,
    0.9679265005226385,
    0.9695769378885405,
    0.9693568795730869,
    0.9701270836771745,
    0.9723001595422787,
    0.9715849700170546,
    0.972272652252847,
    0.9740056114870441,
    0.9733454365406833,
    0.9735104802772735,
    0.9751334103537438
  ],
  "val_accuracy": [
    0.7272727272727273,
    0.7303233679072605,
    0.8572300183038438,
    0.8737034777303234,
    0.8444173276388042,
    0.8877364246491763,
    0.8913971934106162,
    0.8926174496644296,
    0.9011592434411226,
    0.896888346552776,
    0.8944478340451495,
    0.8901769371568029,
    0.9237339841366687,
    0.9139719341061623,
    0.8913971934106162,
    0.9103111653447223,
    0.9255643685173887,
    0.9267846247712019,
    0.9090909090909091,
    0.9200732153752288,
    0.9231238560097621,
    0.9151921903599756,
    0.9334960341671751,
    0.9298352654057352,
    0.9322757779133618,
    0.9109212934716291,
    0.9383770591824283,
    0.9273947528981086,
    0.9255643685173887,
    0.9328859060402684,
    0.9365466748017084,
    0.9347162904209884
  ],
  "best_epoch": 27,
  "training_time_seconds": 108.05100917816162
}