{
  "training": {
    "training_time_seconds": 0.0036017894744873047,
    "best_epoch": 1,
    "total_epochs": 1
  },
  "metrics": {
    "train": {
      "accuracy": 0.9779941684546405,
      "balanced_accuracy": 0.9779941684546406,
      "precision_macro": 0.9785854585979336,
      "recall_macro": 0.9779941684546406,
      "f1_macro": 0.9775058566899663,
      "precision_weighted": 0.9785854585979337,
      "recall_weighted": 0.9779941684546405,
      "f1_weighted": 0.9775058566899661,
      "mcc": 0.9738908802210017,
      "confusion_matrix": [
        [
          6059,
          0,
          0,
          0,
          0,
          0
        ],
        [
          0,
          6033,
          0,
          20,
          0,
          6
        ],
        [
          0,
          0,
          6059,
          0,
          0,
          0
        ],
        [
          94,
          379,
          85,
          5303,
          119,
          79
        ],
        [
          0,
          0,
          0,
          18,
          6041,
          0
        ],
        [
          0,
          0,
          0,
          0,
          0,
          6059
        ]
      ],
      "per_class_precision": [
        0.9847228993986673,
        0.9408920773549595,
        0.9861653645833334,
        0.9928852274854896,
        0.9806818181818182,
        0.9861653645833334
      ],
      "per_class_recall": [
        1.0,
        0.9957088628486549,
        1.0,
        0.8752269351378115,
        0.9970292127413765,
        1.0
      ],
      "per_class_f1": [
        0.9923026531280708,
        0.9675246572047149,
        0.9930344997131852,
        0.9303508771929825,
        0.9887879531876586,
        0.9930344997131852
      ]
    },
    "val": {
      "accuracy": 0.8926174496644296,
      "balanced_accuracy": 0.8046813694994416,
      "precision_macro": 0.6208604289676459,
      "recall_macro": 0.8046813694994416,
      "f1_macro": 0.6926108222329113,
      "precision_weighted": 0.9290921382565949,
      "recall_weighted": 0.8926174496644296,
      "f1_weighted": 0.9009717749545554,
      "mcc": 0.7734305482799455,
      "confusion_matrix": [
        [
          47,
          0,
          0,
          0,
          0,
          0
        ],
        [
          0,
          149,
          0,
          2,
          0,
          0
        ],
        [
          0,
          0,
          36,
          1,
          0,
          0
        ],
        [
          20,
          90,
          19,
          1128,
          34,
          8
        ],
        [
          0,
          0,
          0,
          0,
          103,
          0
        ],
        [
          0,
          1,
          0,
          1,
          0,
          0
        ]
      ],
      "per_class_precision": [
        0.7014925373134329,
        0.6208333333333333,
        0.6545454545454545,
        0.9964664310954063,
        0.7518248175182481,
        0.0
      ],
      "per_class_recall": [
        1.0,
        0.9867549668874173,
        0.972972972972973,
        0.8683602771362586,
        1.0,
        0.0
      ],
      "per_class_f1": [
        0.8245614035087719,
        0.7621483375959079,
        0.782608695652174,
        0.928013163307281,
        0.8583333333333333,
        0.0
      ]
    },
    "test": {
      "accuracy": 0.8907870652837095,
      "balanced_accuracy": 0.8062473559009357,
      "precision_macro": 0.6279123838529889,
      "recall_macro": 0.8062473559009357,
      "f1_macro": 0.6969130348042785,
      "precision_weighted": 0.9333812900475326,
      "recall_weighted": 0.8907870652837095,
      "f1_weighted": 0.9022179305957351,
      "mcc": 0.7722289968318066,
      "confusion_matrix": [
        [
          47,
          0,
          0,
          0,
          0,
          0
        ],
        [
          0,
          151,
          0,
          0,
          0,
          0
        ],
        [
          0,
          0,
          36,
          1,
          0,
          0
        ],
        [
          16,
          88,
          24,
          1123,
          27,
          21
        ],
        [
          0,
          0,
          0,
          0,
          103,
          0
        ],
        [
          0,
          0,
          0,
          2,
          0,
          0
        ]
      ],
      "per_class_precision": [
        0.746031746031746,
        0.6317991631799164,
        0.6,
        0.9973357015985791,
        0.7923076923076923,
        0.0
      ],
      "per_class_recall": [
        1.0,
        1.0,
        0.972972972972973,
        0.8645111624326405,
        1.0,
        0.0
      ],
      "per_class_f1": [
        0.8545454545454545,
        0.7743589743589744,
        0.7422680412371134,
        0.9261855670103093,
        0.8841201716738197,
        0.0
      ]
    }
  }
}