{
  "training": {
    "training_time_seconds": 35.195557832717896,
    "best_epoch": 19,
    "total_epochs": 20
  },
  "metrics": {
    "train": {
      "accuracy": 0.9758761071683997,
      "balanced_accuracy": 0.9758761071683996,
      "precision_macro": 0.9766113607623308,
      "recall_macro": 0.9758761071683996,
      "f1_macro": 0.975490860234394,
      "precision_weighted": 0.9766113607623307,
      "recall_weighted": 0.9758761071683997,
      "f1_weighted": 0.975490860234394,
      "mcc": 0.9713346428205555,
      "confusion_matrix": [
        [
          6059,
          0,
          0,
          0,
          0,
          0
        ],
        [
          0,
          5937,
          26,
          6,
          0,
          90
        ],
        [
          0,
          0,
          6015,
          0,
          0,
          44
        ],
        [
          102,
          342,
          41,
          5348,
          77,
          149
        ],
        [
          0,
          0,
          0,
          0,
          6059,
          0
        ],
        [
          0,
          0,
          0,
          0,
          0,
          6059
        ]
      ],
      "per_class_precision": [
        0.9834442460639506,
        0.9455327281414238,
        0.988983886879316,
        0.9988793425476279,
        0.9874511082138201,
        0.9553768527278461
      ],
      "per_class_recall": [
        1.0,
        0.979864664135996,
        0.9927380755900314,
        0.8826539032843703,
        1.0,
        1.0
      ],
      "per_class_f1": [
        0.9916530278232406,
        0.9623926082023019,
        0.990857425253274,
        0.9371769035310611,
        0.9936859368593686,
        0.977179259737118
      ]
    },
    "val": {
      "accuracy": 0.9017693715680293,
      "balanced_accuracy": 0.8046550289793947,
      "precision_macro": 0.6606169298825997,
      "recall_macro": 0.8046550289793947,
      "f1_macro": 0.71844242410326,
      "precision_weighted": 0.9427031360215994,
      "recall_weighted": 0.9017693715680293,
      "f1_weighted": 0.9149356484036933,
      "mcc": 0.7890575719346592,
      "confusion_matrix": [
        [
          47,
          0,
          0,
          0,
          0,
          0
        ],
        [
          0,
          147,
          1,
          0,
          0,
          3
        ],
        [
          0,
          0,
          36,
          0,
          0,
          1
        ],
        [
          26,
          73,
          7,
          1145,
          20,
          28
        ],
        [
          0,
          0,
          0,
          0,
          103,
          0
        ],
        [
          0,
          1,
          0,
          1,
          0,
          0
        ]
      ],
      "per_class_precision": [
        0.6438356164383562,
        0.665158371040724,
        0.8181818181818182,
        0.9991273996509599,
        0.8373983739837398,
        0.0
      ],
      "per_class_recall": [
        1.0,
        0.9735099337748344,
        0.972972972972973,
        0.8814472671285605,
        1.0,
        0.0
      ],
      "per_class_f1": [
        0.7833333333333333,
        0.7903225806451613,
        0.8888888888888888,
        0.9366053169734151,
        0.911504424778761,
        0.0
      ]
    },
    "test": {
      "accuracy": 0.9048200122025626,
      "balanced_accuracy": 0.8106481977136429,
      "precision_macro": 0.6665599237425163,
      "recall_macro": 0.8106481977136429,
      "f1_macro": 0.7258818744017578,
      "precision_weighted": 0.9442677635386996,
      "recall_weighted": 0.9048200122025626,
      "f1_weighted": 0.9178626585932865,
      "mcc": 0.7945603238072166,
      "confusion_matrix": [
        [
          47,
          0,
          0,
          0,
          0,
          0
        ],
        [
          0,
          148,
          0,
          0,
          0,
          3
        ],
        [
          0,
          0,
          37,
          0,
          0,
          0
        ],
        [
          20,
          67,
          10,
          1148,
          22,
          32
        ],
        [
          0,
          0,
          0,
          0,
          103,
          0
        ],
        [
          0,
          0,
          0,
          2,
          0,
          0
        ]
      ],
      "per_class_precision": [
        0.7014925373134329,
        0.6883720930232559,
        0.7872340425531915,
        0.9982608695652174,
        0.824,
        0.0
      ],
      "per_class_recall": [
        1.0,
        0.9801324503311258,
        1.0,
        0.8837567359507313,
        1.0,
        0.0
      ],
      "per_class_f1": [
        0.8245614035087719,
        0.8087431693989071,
        0.8809523809523809,
        0.9375255206206615,
        0.9035087719298246,
        0.0
      ]
    }
  }
}