{
  "epochs": [
    1,
    2,
    3,
    4,
    5,
    6,
    7,
    8,
    9,
    10,
    11,
    12,
    13,
    14,
    15,
    16,
    17,
    18,
    19,
    20
  ],
  "train_loss": [
    0.6294611807657021,
    0.3058124375289545,
    0.2395844417495316,
    0.21023084307134024,
    0.18759091776472026,
    0.17308376434449152,
    0.16321947379573157,
    0.1820458647421355,
    0.1481103573543519,
    0.1395052228349004,
    0.13463036997989045,
    0.12978871932627575,
    0.13790040983975102,
    0.13176383908618539,
    0.12244159360329901,
    0.11206900227659462,
    0.11431152544353716,
    0.11187244285652856,
    0.10877869612622224,
    0.10823326682522397
  ],
  "val_loss": [
    0.7412107692687085,
    0.37133271465801915,
    0.5094155939051551,
    0.3393135869044804,
    0.4117684963774652,
    0.396576555892416,
    0.3048357864827045,
    0.3874572562309501,
    0.3342133099491673,
    0.34631239576009515,
    0.3188547871920523,
    0.3269280534126251,
    0.2684911372295744,
    0.30358341709006625,
    0.2921985179740456,
    0.2743279601971757,
    0.29537153564952656,
    0.26003605733063617,
    0.2679819976041563,
    0.2988902864167427
  ],
  "train_accuracy": [
    0.7821972822798041,
    0.8966276063156736,
    0.9196512075700061,
    0.9299114265280299,
    0.9390713539087858,
    0.9433624910601309,
    0.9472135115805689,
    0.9411894151950266,
    0.952687462177477,
    0.9543654068328107,
    0.9560983660670077,
    0.9583814710898388,
    0.9558508004621225,
    0.9557132640149639,
    0.9619024041370964,
    0.9641580018704957,
    0.9635528415029982,
    0.9652858007371954,
    0.9654233371843538,
    0.9653683226054904
  ],
  "val_accuracy": [
    0.6748017083587553,
    0.860280658938377,
    0.8029286150091519,
    0.8755338621110433,
    0.8578401464307505,
    0.8584502745576571,
    0.8901769371568029,
    0.8596705308114704,
    0.8773642464917633,
    0.8913971934106162,
    0.8932275777913362,
    0.8962782184258694,
    0.9139719341061623,
    0.9048200122025626,
    0.9090909090909091,
    0.9170225747406956,
    0.8999389871873094,
    0.9158023184868822,
    0.9182428309945089,
    0.9017693715680293
  ],
  "best_epoch": 19,
  "training_time_seconds": 35.195557832717896
}