{
  "training": {
    "training_time_seconds": 268.6498718261719,
    "best_epoch": 1,
    "total_epochs": 1
  },
  "metrics": {
    "train": {
      "accuracy": 0.88136,
      "balanced_accuracy": 0.3986013986013986,
      "precision_macro": 0.3762044205543744,
      "recall_macro": 0.3986013986013986,
      "f1_macro": 0.3866479001393272,
      "precision_weighted": 0.7768555377271451,
      "recall_weighted": 0.88136,
      "f1_weighted": 0.8258020573800791,
      "mcc": 0.15063806859899936,
      "confusion_matrix": [
        [
          142,
          0,
          0,
          1,
          0
        ],
        [
          0,
          0,
          0,
          3656,
          0
        ],
        [
          0,
          0,
          0,
          2,
          0
        ],
        [
          0,
          0,
          0,
          43926,
          0
        ],
        [
          0,
          0,
          0,
          2273,
          0
        ]
      ],
      "per_class_precision": [
        1.0,
        0.0,
        0.0,
        0.8810221027718721,
        0.0
      ],
      "per_class_recall": [
        0.993006993006993,
        0.0,
        0.0,
        1.0,
        0.0
      ],
      "per_class_f1": [
        0.9964912280701754,
        0.0,
        0.0,
        0.9367482726264608,
        0.0
      ]
    },
    "val": {
      "accuracy": 0.8820133333333333,
      "balanced_accuracy": 0.33071003847499125,
      "precision_macro": 0.31361957821608893,
      "recall_macro": 0.33071003847499125,
      "f1_macro": 0.32153481230515135,
      "precision_weighted": 0.7780224281892664,
      "recall_weighted": 0.8820133333333333,
      "f1_weighted": 0.8267480923931406,
      "mcc": 0.14195914057992295,
      "confusion_matrix": [
        [
          938,
          0,
          0,
          15,
          0,
          0
        ],
        [
          0,
          0,
          0,
          26803,
          0,
          0
        ],
        [
          0,
          0,
          0,
          15,
          0,
          0
        ],
        [
          0,
          0,
          0,
          329817,
          0,
          0
        ],
        [
          0,
          0,
          0,
          17409,
          0,
          0
        ],
        [
          0,
          0,
          0,
          3,
          0,
          0
        ]
      ],
      "per_class_precision": [
        1.0,
        0.0,
        0.0,
        0.8817174692965337,
        0.0,
        0.0
      ],
      "per_class_recall": [
        0.9842602308499475,
        0.0,
        0.0,
        1.0,
        0.0,
        0.0
      ],
      "per_class_f1": [
        0.9920676890534109,
        0.0,
        0.0,
        0.9371411847774973,
        0.0,
        0.0
      ]
    },
    "test": {
      "accuracy": 0.882016,
      "balanced_accuracy": 0.3307127882599581,
      "precision_macro": 0.31361997107423656,
      "recall_macro": 0.3307127882599581,
      "f1_macro": 0.32153643098421075,
      "precision_weighted": 0.7780271679966636,
      "recall_weighted": 0.882016,
      "f1_weighted": 0.826751930207218,
      "mcc": 0.14203478399482725,
      "confusion_matrix": [
        [
          939,
          0,
          0,
          15,
          0,
          0
        ],
        [
          0,
          0,
          0,
          26803,
          0,
          0
        ],
        [
          0,
          0,
          0,
          14,
          0,
          0
        ],
        [
          0,
          0,
          0,
          329817,
          0,
          0
        ],
        [
          0,
          0,
          0,
          17409,
          0,
          0
        ],
        [
          0,
          0,
          0,
          3,
          0,
          0
        ]
      ],
      "per_class_precision": [
        1.0,
        0.0,
        0.0,
        0.8817198264454194,
        0.0,
        0.0
      ],
      "per_class_recall": [
        0.9842767295597484,
        0.0,
        0.0,
        1.0,
        0.0,
        0.0
      ],
      "per_class_f1": [
        0.9920760697305864,
        0.0,
        0.0,
        0.937142516174678,
        0.0,
        0.0
      ]
    }
  }
}