{
  "training": {
    "training_time_seconds": 364.1449525356293,
    "best_epoch": 1,
    "total_epochs": 1
  },
  "metrics": {
    "train": {
      "accuracy": 0.77738,
      "balanced_accuracy": 0.9420671750960729,
      "precision_macro": 0.5882030789911098,
      "recall_macro": 0.9420671750960729,
      "f1_macro": 0.6524521299334242,
      "precision_weighted": 0.9277737358502527,
      "recall_weighted": 0.77738,
      "f1_weighted": 0.8187620361785749,
      "mcc": 0.5957518512509133,
      "confusion_matrix": [
        [
          2781,
          0,
          1,
          13,
          0
        ],
        [
          0,
          4111,
          3,
          17,
          40
        ],
        [
          0,
          0,
          2,
          0,
          0
        ],
        [
          15,
          6102,
          0,
          30639,
          4933
        ],
        [
          0,
          5,
          0,
          2,
          1336
        ]
      ],
      "per_class_precision": [
        0.9946351931330472,
        0.40232922293990997,
        0.3333333333333333,
        0.9989566691663134,
        0.211760976382945
      ],
      "per_class_recall": [
        0.9949910554561717,
        0.9856149604411412,
        1.0,
        0.7349420710499173,
        0.9947877885331348
      ],
      "per_class_f1": [
        0.9948130924700411,
        0.5714087149906178,
        0.5,
        0.846849087893864,
        0.349189754312598
      ]
    },
    "val": {
      "accuracy": 0.7783716666666667,
      "balanced_accuracy": 0.8817450132098609,
      "precision_macro": 0.6338019452410462,
      "recall_macro": 0.8817450132098609,
      "f1_macro": 0.6749299360089543,
      "precision_weighted": 0.9253934760502777,
      "recall_weighted": 0.7783716666666667,
      "f1_weighted": 0.8186662938561102,
      "mcc": 0.5963964842876424,
      "confusion_matrix": [
        [
          33222,
          2,
          8,
          190,
          5,
          1
        ],
        [
          0,
          49078,
          14,
          480,
          553,
          0
        ],
        [
          0,
          0,
          17,
          0,
          0,
          0
        ],
        [
          270,
          71813,
          0,
          367628,
          59305,
          0
        ],
        [
          1,
          168,
          0,
          165,
          17075,
          0
        ],
        [
          2,
          0,
          0,
          0,
          0,
          3
        ]
      ],
      "per_class_precision": [
        0.9918495297805643,
        0.4053989311173706,
        0.4358974358974359,
        0.9977338294482757,
        0.22193194520263068,
        0.75
      ],
      "per_class_recall": [
        0.9938375014957521,
        0.9791122194513716,
        1.0,
        0.736705837087388,
        0.980814521224654,
        0.6
      ],
      "per_class_f1": [
        0.9928425205086443,
        0.5733880107018098,
        0.6071428571428571,
        0.8475778664382654,
        0.3619616945954826,
        0.6666666666666666
      ]
    },
    "test": {
      "accuracy": 0.77856,
      "balanced_accuracy": 0.9377256207314156,
      "precision_macro": 0.6954087082213162,
      "recall_macro": 0.9377256207314156,
      "f1_macro": 0.7455823562656109,
      "precision_weighted": 0.9253972872172762,
      "recall_weighted": 0.77856,
      "f1_weighted": 0.8188619231376825,
      "mcc": 0.5965205762372436,
      "confusion_matrix": [
        [
          33244,
          4,
          4,
          172,
          4,
          0
        ],
        [
          4,
          49109,
          8,
          482,
          523,
          0
        ],
        [
          0,
          1,
          15,
          0,
          0,
          0
        ],
        [
          273,
          71392,
          0,
          367742,
          59609,
          0
        ],
        [
          1,
          168,
          0,
          219,
          17021,
          0
        ],
        [
          0,
          0,
          0,
          0,
          0,
          5
        ]
      ],
      "per_class_precision": [
        0.9917069387268063,
        0.4069559308550309,
        0.5555555555555556,
        0.9976316753252038,
        0.22060214886530063,
        1.0
      ],
      "per_class_recall": [
        0.9944956324039728,
        0.979711127957547,
        0.9375,
        0.7369342866761788,
        0.9777126773507956,
        1.0
      ],
      "per_class_f1": [
        0.9930993278566094,
        0.5750468384074942,
        0.6976744186046512,
        0.8476921640651383,
        0.35998138865977203,
        1.0
      ]
    }
  }
}