{
  "training": {
    "training_time_seconds": 40.72464871406555,
    "best_epoch": 20,
    "total_epochs": 20
  },
  "metrics": {
    "train": {
      "accuracy": 0.9939759036144579,
      "balanced_accuracy": 0.9939759036144578,
      "precision_macro": 0.9940739620521889,
      "recall_macro": 0.9939759036144578,
      "f1_macro": 0.9939452453023194,
      "precision_weighted": 0.9940739620521888,
      "recall_weighted": 0.9939759036144579,
      "f1_weighted": 0.9939452453023195,
      "mcc": 0.9928026489745634,
      "confusion_matrix": [
        [
          6059,
          0,
          0,
          0,
          0,
          0
        ],
        [
          0,
          6059,
          0,
          0,
          0,
          0
        ],
        [
          0,
          0,
          6059,
          0,
          0,
          0
        ],
        [
          22,
          142,
          2,
          5840,
          24,
          29
        ],
        [
          0,
          0,
          0,
          0,
          6059,
          0
        ],
        [
          0,
          0,
          0,
          0,
          0,
          6059
        ]
      ],
      "per_class_precision": [
        0.996382173984542,
        0.9771004676665054,
        0.9996700214486058,
        1.0,
        0.9960545783330593,
        0.9952365308804205
      ],
      "per_class_recall": [
        1.0,
        1.0,
        1.0,
        0.963855421686747,
        1.0,
        1.0
      ],
      "per_class_f1": [
        0.9981878088962108,
        0.9884176182707993,
        0.9998349834983499,
        0.9815950920245399,
        0.9980233898863449,
        0.9976125792376719
      ]
    },
    "val": {
      "accuracy": 0.9682733374008542,
      "balanced_accuracy": 0.8249672442887804,
      "precision_macro": 0.773458567982919,
      "recall_macro": 0.8249672442887804,
      "f1_macro": 0.7967725835194264,
      "precision_weighted": 0.9730610269412998,
      "recall_weighted": 0.9682733374008542,
      "f1_weighted": 0.9693958857226922,
      "mcc": 0.9186425570327269,
      "confusion_matrix": [
        [
          47,
          0,
          0,
          0,
          0,
          0
        ],
        [
          0,
          149,
          0,
          2,
          0,
          0
        ],
        [
          0,
          0,
          37,
          0,
          0,
          0
        ],
        [
          7,
          36,
          0,
          1251,
          3,
          2
        ],
        [
          0,
          0,
          0,
          0,
          103,
          0
        ],
        [
          0,
          1,
          0,
          1,
          0,
          0
        ]
      ],
      "per_class_precision": [
        0.8703703703703703,
        0.8010752688172043,
        1.0,
        0.9976076555023924,
        0.9716981132075472,
        0.0
      ],
      "per_class_recall": [
        1.0,
        0.9867549668874173,
        1.0,
        0.9630484988452656,
        1.0,
        0.0
      ],
      "per_class_f1": [
        0.9306930693069307,
        0.884272997032641,
        1.0,
        0.9800235017626322,
        0.9856459330143541,
        0.0
      ]
    },
    "test": {
      "accuracy": 0.9682733374008542,
      "balanced_accuracy": 0.8249672442887804,
      "precision_macro": 0.7786093495975868,
      "recall_macro": 0.8249672442887804,
      "f1_macro": 0.8001454778011028,
      "precision_weighted": 0.9749128822180123,
      "recall_weighted": 0.9682733374008542,
      "f1_weighted": 0.9705635140405662,
      "mcc": 0.9187767501466445,
      "confusion_matrix": [
        [
          47,
          0,
          0,
          0,
          0,
          0
        ],
        [
          0,
          149,
          0,
          0,
          0,
          2
        ],
        [
          0,
          0,
          37,
          0,
          0,
          0
        ],
        [
          3,
          32,
          1,
          1251,
          7,
          5
        ],
        [
          0,
          0,
          0,
          0,
          103,
          0
        ],
        [
          0,
          0,
          0,
          2,
          0,
          0
        ]
      ],
      "per_class_precision": [
        0.94,
        0.8232044198895028,
        0.9736842105263158,
        0.9984038308060654,
        0.9363636363636364,
        0.0
      ],
      "per_class_recall": [
        1.0,
        0.9867549668874173,
        1.0,
        0.9630484988452656,
        1.0,
        0.0
      ],
      "per_class_f1": [
        0.9690721649484536,
        0.8975903614457831,
        0.9866666666666667,
        0.9804075235109718,
        0.9671361502347418,
        0.0
      ]
    }
  }
}