{
  "epochs": [
    1,
    2,
    3,
    4,
    5,
    6,
    7,
    8,
    9,
    10,
    11,
    12,
    13,
    14,
    15,
    16,
    17,
    18,
    19,
    20
  ],
  "train_loss": [
    0.45280331272914504,
    0.18843227835216997,
    0.14637449590966073,
    0.12011152635963648,
    0.1049123475845551,
    0.09618003428085257,
    0.08433717756491195,
    0.07866552061239507,
    0.06926370051030928,
    0.06226584254144317,
    0.05553247226183795,
    0.050843344090864814,
    0.04594692869201293,
    0.04055470974081357,
    0.03545122812764929,
    0.03314231478615242,
    0.030322956792130405,
    0.02706708090578373,
    0.02513417363152053,
    0.025607761970343285
  ],
  "val_loss": [
    0.5266961796826309,
    0.4412426246856319,
    0.34238097668057754,
    0.254782653004022,
    0.2898785140981319,
    0.294556082517836,
    0.21668799242426376,
    0.18978524791296114,
    0.21927790340124798,
    0.18959508425100974,
    0.16547413801068644,
    0.15284015237830484,
    0.15675899796210607,
    0.18220613132696314,
    0.1642680450492039,
    0.13729570116654558,
    0.12254425156077392,
    0.12858213945459562,
    0.1330136162665848,
    0.12775071449645994
  ],
  "train_accuracy": [
    0.840045111954668,
    0.9381911206469714,
    0.9525774330197503,
    0.9618748968476646,
    0.9658359465258294,
    0.9702371128349012,
    0.9738405677504539,
    0.9762887165098751,
    0.9784342850855476,
    0.9812675358970127,
    0.9834131044726853,
    0.9842108158662045,
    0.9861913407052869,
    0.9879793145183473,
    0.9892446498322055,
    0.9901798976728833,
    0.9908950871981075,
    0.9919128569070804,
    0.9920228860648072,
    0.9922429443802607
  ],
  "val_accuracy": [
    0.7943868212324589,
    0.8401464307504576,
    0.8920073215375229,
    0.924954240390482,
    0.9139719341061623,
    0.9090909090909091,
    0.9402074435631482,
    0.9438682123245882,
    0.9328859060402684,
    0.9463087248322147,
    0.9621720561317877,
    0.9579011592434411,
    0.9603416717510678,
    0.9548505186089079,
    0.959731543624161,
    0.9658328248932275,
    0.9664429530201343,
    0.9664429530201343,
    0.9676632092739476,
    0.9682733374008542
  ],
  "best_epoch": 20,
  "training_time_seconds": 40.72464871406555
}