{
  "training": {
    "training_time_seconds": 0.8729705810546875,
    "best_epoch": 1,
    "total_epochs": 1
  },
  "metrics": {
    "train": {
      "accuracy": 1.0,
      "balanced_accuracy": 1.0,
      "precision_macro": 1.0,
      "recall_macro": 1.0,
      "f1_macro": 1.0,
      "precision_weighted": 1.0,
      "recall_weighted": 1.0,
      "f1_weighted": 1.0,
      "mcc": 1.0,
      "confusion_matrix": [
        [
          216,
          0,
          0,
          0,
          0,
          0
        ],
        [
          0,
          706,
          0,
          0,
          0,
          0
        ],
        [
          0,
          0,
          175,
          0,
          0,
          0
        ],
        [
          0,
          0,
          0,
          6059,
          0,
          0
        ],
        [
          0,
          0,
          0,
          0,
          479,
          0
        ],
        [
          0,
          0,
          0,
          0,
          0,
          10
        ]
      ],
      "per_class_precision": [
        1.0,
        1.0,
        1.0,
        1.0,
        1.0,
        1.0
      ],
      "per_class_recall": [
        1.0,
        1.0,
        1.0,
        1.0,
        1.0,
        1.0
      ],
      "per_class_f1": [
        1.0,
        1.0,
        1.0,
        1.0,
        1.0,
        1.0
      ]
    },
    "val": {
      "accuracy": 0.984136668700427,
      "balanced_accuracy": 0.8117301071268544,
      "precision_macro": 0.8176886939213356,
      "recall_macro": 0.8117301071268544,
      "f1_macro": 0.8146095250997888,
      "precision_weighted": 0.982897371007149,
      "recall_weighted": 0.984136668700427,
      "f1_weighted": 0.9834862552426977,
      "mcc": 0.9555025179145044,
      "confusion_matrix": [
        [
          46,
          0,
          0,
          1,
          0,
          0
        ],
        [
          0,
          140,
          0,
          11,
          0,
          0
        ],
        [
          0,
          0,
          36,
          1,
          0,
          0
        ],
        [
          0,
          8,
          0,
          1288,
          3,
          0
        ],
        [
          0,
          0,
          0,
          0,
          103,
          0
        ],
        [
          0,
          0,
          0,
          2,
          0,
          0
        ]
      ],
      "per_class_precision": [
        1.0,
        0.9459459459459459,
        1.0,
        0.9884881043745203,
        0.9716981132075472,
        0.0
      ],
      "per_class_recall": [
        0.9787234042553191,
        0.9271523178807947,
        0.972972972972973,
        0.99153194765204,
        1.0,
        0.0
      ],
      "per_class_f1": [
        0.989247311827957,
        0.9364548494983278,
        0.9863013698630136,
        0.9900076863950807,
        0.9856459330143541,
        0.0
      ]
    },
    "test": {
      "accuracy": 0.9865771812080537,
      "balanced_accuracy": 0.8000502040328209,
      "precision_macro": 0.8275972003192961,
      "recall_macro": 0.8000502040328209,
      "f1_macro": 0.8131847586972247,
      "precision_weighted": 0.9855354358075613,
      "recall_weighted": 0.9865771812080537,
      "f1_weighted": 0.9857973095065145,
      "mcc": 0.9621775759875701,
      "confusion_matrix": [
        [
          46,
          0,
          0,
          1,
          0,
          0
        ],
        [
          0,
          138,
          0,
          13,
          0,
          0
        ],
        [
          0,
          0,
          34,
          3,
          0,
          0
        ],
        [
          0,
          0,
          0,
          1297,
          2,
          0
        ],
        [
          0,
          0,
          0,
          1,
          102,
          0
        ],
        [
          0,
          0,
          0,
          2,
          0,
          0
        ]
      ],
      "per_class_precision": [
        1.0,
        1.0,
        1.0,
        0.9848139711465452,
        0.9807692307692307,
        0.0
      ],
      "per_class_recall": [
        0.9787234042553191,
        0.9139072847682119,
        0.918918918918919,
        0.9984603541185527,
        0.9902912621359223,
        0.0
      ],
      "per_class_f1": [
        0.989247311827957,
        0.9550173010380623,
        0.9577464788732394,
        0.9915902140672783,
        0.9855072463768116,
        0.0
      ]
    }
  }
}