{
  "training": {
    "training_time_seconds": 1308.2579352855682,
    "best_epoch": 2,
    "total_epochs": 7
  },
  "metrics": {
    "train": {
      "accuracy": 0.81366,
      "balanced_accuracy": 0.8140993522114486,
      "precision_macro": 0.8141777013921893,
      "recall_macro": 0.8140993522114486,
      "f1_macro": 0.8140455320067932,
      "precision_weighted": 0.8136962528921915,
      "recall_weighted": 0.81366,
      "f1_weighted": 0.8135849061139769,
      "mcc": 0.7516138792774382,
      "confusion_matrix": [
        [
          12425,
          0,
          0,
          0
        ],
        [
          0,
          8138,
          4442,
          1
        ],
        [
          0,
          4873,
          7609,
          1
        ],
        [
          0,
          0,
          0,
          12511
        ]
      ],
      "per_class_precision": [
        1.0,
        0.6254707555145645,
        0.6313998838270682,
        0.9998401662271238
      ],
      "per_class_recall": [
        1.0,
        0.6468484222239885,
        0.6095489866218057,
        1.0
      ],
      "per_class_f1": [
        1.0,
        0.6359799937480463,
        0.6202820575527839,
        0.9999200767263428
      ]
    },
    "val": {
      "accuracy": 0.6510726618992805,
      "balanced_accuracy": 0.5642249817441658,
      "precision_macro": 0.5197939094486603,
      "recall_macro": 0.5642249817441658,
      "f1_macro": 0.4966710471780067,
      "precision_weighted": 0.8877537486549115,
      "recall_weighted": 0.6510726618992805,
      "f1_weighted": 0.73228973141794,
      "mcc": 0.14285681632878378,
      "confusion_matrix": [
        [
          10,
          0,
          0,
          0
        ],
        [
          0,
          136007,
          71566,
          8
        ],
        [
          0,
          6933,
          10475,
          1
        ],
        [
          0,
          0,
          1,
          0
        ]
      ],
      "per_class_precision": [
        1.0,
        0.9514971316636351,
        0.12767850613100606,
        0.0
      ],
      "per_class_recall": [
        1.0,
        0.6551996570013633,
        0.6017002699753001,
        0.0
      ],
      "per_class_f1": [
        1.0,
        0.7760276845039241,
        0.21065650420810247,
        0.0
      ]
    },
    "test": {
      "accuracy": 0.6476444444444445,
      "balanced_accuracy": 0.812123917493895,
      "precision_macro": 0.5815850270666314,
      "recall_macro": 0.812123917493895,
      "f1_macro": 0.5952640199038078,
      "precision_weighted": 0.8868297226124826,
      "recall_weighted": 0.6476444444444445,
      "f1_weighted": 0.7296668779712292,
      "mcc": 0.1379816769928982,
      "confusion_matrix": [
        [
          10,
          0,
          0,
          0
        ],
        [
          0,
          135323,
          72254,
          3
        ],
        [
          0,
          7023,
          10386,
          0
        ],
        [
          0,
          0,
          0,
          1
        ]
      ],
      "per_class_precision": [
        1.0,
        0.9506624703188007,
        0.12567763794772507,
        0.25
      ],
      "per_class_recall": [
        1.0,
        0.6519076982368244,
        0.5965879717387558,
        1.0
      ],
      "per_class_f1": [
        1.0,
        0.7734378125660853,
        0.2076182670491459,
        0.4
      ]
    }
  }
}