{
  "epochs": [
    1,
    2,
    3,
    4,
    5,
    6,
    7
  ],
  "train_loss": [
    0.33006953408090334,
    0.29273666995167896,
    0.27610895411876785,
    0.27046363205562446,
    0.2675996662904014,
    0.2654218546588678,
    0.2633696776744934
  ],
  "val_loss": [
    0.5947295823993509,
    0.5342716026954966,
    0.5401600631904457,
    0.5662369328468827,
    0.5412571936681934,
    0.4880898767279812,
    0.552231602105334
  ],
  "train_accuracy": [
    0.7912696602072038,
    0.8347007044434442,
    0.8475714560011892,
    0.8523830194444559,
    0.8547217014827998,
    0.8564975204086267,
    0.8581197842900028
  ],
  "val_accuracy": [
    0.6316416371482794,
    0.6862680610308398,
    0.6230505642197146,
    0.6187883609406181,
    0.661845947351345,
    0.6760992173368119,
    0.6510726618992805
  ],
  "best_epoch": 2,
  "training_time_seconds": 1308.2579352855682
}