{
  "training": {
    "training_time_seconds": 2889.721789121628,
    "best_epoch": 2,
    "total_epochs": 5
  },
  "metrics": {
    "train": {
      "accuracy": 0.76952,
      "balanced_accuracy": 0.7289005527988038,
      "precision_macro": 0.5184107343921447,
      "recall_macro": 0.7289005527988038,
      "f1_macro": 0.5452847898449906,
      "precision_weighted": 0.9236382393897268,
      "recall_weighted": 0.76952,
      "f1_weighted": 0.8131452684791506,
      "mcc": 0.5797907506586191,
      "confusion_matrix": [
        [
          2756,
          0,
          0,
          12,
          27
        ],
        [
          0,
          4045,
          0,
          126,
          0
        ],
        [
          0,
          0,
          0,
          2,
          0
        ],
        [
          2,
          5859,
          0,
          30386,
          5442
        ],
        [
          0,
          4,
          0,
          50,
          1289
        ]
      ],
      "per_class_precision": [
        0.9992748368382887,
        0.40825595478401294,
        0.0,
        0.9937859759288331,
        0.19073690440958863
      ],
      "per_class_recall": [
        0.986046511627907,
        0.9697914169263966,
        0.0,
        0.7288733238983904,
        0.9597915115413254
      ],
      "per_class_f1": [
        0.9926166036376733,
        0.574614674337666,
        0.0,
        0.8409603542517124,
        0.3182323169979015
      ]
    },
    "val": {
      "accuracy": 0.7701466666666666,
      "balanced_accuracy": 0.6085033410729074,
      "precision_macro": 0.43470281096803937,
      "recall_macro": 0.6085033410729074,
      "f1_macro": 0.45774148736441816,
      "precision_weighted": 0.9227536608115836,
      "recall_weighted": 0.7701466666666666,
      "f1_weighted": 0.8128637727890701,
      "mcc": 0.5830670833671707,
      "confusion_matrix": [
        [
          32932,
          4,
          0,
          133,
          359,
          0
        ],
        [
          0,
          48621,
          0,
          1504,
          0,
          0
        ],
        [
          0,
          0,
          0,
          17,
          0,
          0
        ],
        [
          28,
          68821,
          0,
          363700,
          66467,
          0
        ],
        [
          0,
          23,
          0,
          551,
          16835,
          0
        ],
        [
          1,
          0,
          0,
          4,
          0,
          0
        ]
      ],
      "per_class_precision": [
        0.9991201723248688,
        0.413904945134461,
        0.0,
        0.9939629798665789,
        0.20122876848232749,
        0.0
      ],
      "per_class_recall": [
        0.9851621395237525,
        0.9699950124688279,
        0.0,
        0.7288343459929141,
        0.9670285484519502,
        0.0
      ],
      "per_class_f1": [
        0.9920920634442453,
        0.5802236356910152,
        0.0,
        0.8409977743735005,
        0.3331354506777481,
        0.0
      ]
    },
    "test": {
      "accuracy": 0.7700283333333333,
      "balanced_accuracy": 0.6084752669431636,
      "precision_macro": 0.4346927030152347,
      "recall_macro": 0.6084752669431636,
      "f1_macro": 0.4577481398996855,
      "precision_weighted": 0.9228700006703698,
      "recall_weighted": 0.7700283333333333,
      "f1_weighted": 0.8128721676922249,
      "mcc": 0.5831235943058829,
      "confusion_matrix": [
        [
          32989,
          4,
          0,
          115,
          320,
          0
        ],
        [
          0,
          48637,
          0,
          1489,
          0,
          0
        ],
        [
          0,
          0,
          0,
          16,
          0,
          0
        ],
        [
          35,
          68356,
          0,
          363590,
          67035,
          0
        ],
        [
          0,
          39,
          0,
          569,
          16801,
          0
        ],
        [
          0,
          0,
          0,
          5,
          0,
          0
        ]
      ],
      "per_class_precision": [
        0.9989401647286822,
        0.4155729860897502,
        0.0,
        0.9940019246331168,
        0.1996411426398593,
        0.0
      ],
      "per_class_recall": [
        0.9868672968768697,
        0.9702948569604597,
        0.0,
        0.7286139121791686,
        0.9650755356424838,
        0.0
      ],
      "per_class_f1": [
        0.992867031842533,
        0.5819145499575262,
        0.0,
        0.8408649398704903,
        0.3308423177275636,
        0.0
      ]
    }
  }
}