{
  "epochs": [
    1,
    2,
    3,
    4,
    5
  ],
  "train_loss": [
    0.33820539389087284,
    0.2964160882187445,
    0.29377641993303716,
    0.29235979653301414,
    0.29083218325349053
  ],
  "val_loss": [
    0.28737143341754323,
    0.28489779277144234,
    0.2829055139357865,
    0.2839737369842972,
    0.2812333869357095
  ],
  "train_accuracy": [
    0.7498453571428572,
    0.7561839285714286,
    0.7565553571428572,
    0.7570196428571428,
    0.7567564285714286
  ],
  "val_accuracy": [
    0.7697366666666666,
    0.7713866666666667,
    0.7632866666666667,
    0.7677816666666667,
    0.7701466666666666
  ],
  "best_epoch": 2,
  "training_time_seconds": 2889.721789121628
}