{
  "training": {
    "training_time_seconds": 0.5908350944519043,
    "best_epoch": 1,
    "total_epochs": 1
  },
  "metrics": {
    "train": {
      "accuracy": 0.9733179292512516,
      "balanced_accuracy": 0.9733179292512516,
      "precision_macro": 0.9744475297964419,
      "recall_macro": 0.9733179292512516,
      "f1_macro": 0.9725827243327485,
      "precision_weighted": 0.9744475297964419,
      "recall_weighted": 0.9733179292512516,
      "f1_weighted": 0.9725827243327484,
      "mcc": 0.96846655642521,
      "confusion_matrix": [
        [
          6059,
          0,
          0,
          0,
          0,
          0
        ],
        [
          0,
          6029,
          13,
          17,
          0,
          0
        ],
        [
          0,
          0,
          6059,
          0,
          0,
          0
        ],
        [
          76,
          368,
          354,
          5130,
          94,
          37
        ],
        [
          0,
          0,
          11,
          0,
          6048,
          0
        ],
        [
          0,
          0,
          0,
          0,
          0,
          6059
        ]
      ],
      "per_class_precision": [
        0.9876120619396903,
        0.9424730342347976,
        0.9412769923877583,
        0.9966971051097727,
        0.9846955389124064,
        0.9939304461942258
      ],
      "per_class_recall": [
        1.0,
        0.9950486879022941,
        1.0,
        0.8466743687077075,
        0.9981845188975078,
        1.0
      ],
      "per_class_f1": [
        0.9937674266032475,
        0.9680475272960822,
        0.9697503201024328,
        0.9155809387827949,
        0.9913941480206541,
        0.9969559851912793
      ]
    },
    "val": {
      "accuracy": 0.8712629652226968,
      "balanced_accuracy": 0.7938465934034435,
      "precision_macro": 0.5792984766304043,
      "recall_macro": 0.7938465934034435,
      "f1_macro": 0.6462386559138956,
      "precision_weighted": 0.9277963947667575,
      "recall_weighted": 0.8712629652226968,
      "f1_weighted": 0.8866317056441313,
      "mcc": 0.7397967921799697,
      "confusion_matrix": [
        [
          46,
          0,
          1,
          0,
          0,
          0
        ],
        [
          0,
          146,
          1,
          3,
          1,
          0
        ],
        [
          0,
          0,
          36,
          1,
          0,
          0
        ],
        [
          21,
          79,
          78,
          1097,
          19,
          5
        ],
        [
          0,
          0,
          0,
          0,
          103,
          0
        ],
        [
          0,
          1,
          0,
          1,
          0,
          0
        ]
      ],
      "per_class_precision": [
        0.6865671641791045,
        0.6460176991150443,
        0.3103448275862069,
        0.9954627949183303,
        0.8373983739837398,
        0.0
      ],
      "per_class_recall": [
        0.9787234042553191,
        0.9668874172185431,
        0.972972972972973,
        0.844495765973826,
        1.0,
        0.0
      ],
      "per_class_f1": [
        0.8070175438596491,
        0.7745358090185677,
        0.47058823529411764,
        0.9137859225322782,
        0.911504424778761,
        0.0
      ]
    },
    "test": {
      "accuracy": 0.8676021964612569,
      "balanced_accuracy": 0.790571537092274,
      "precision_macro": 0.5738806557598906,
      "recall_macro": 0.790571537092274,
      "f1_macro": 0.6411851444992277,
      "precision_weighted": 0.9223948160373191,
      "recall_weighted": 0.8676021964612569,
      "f1_weighted": 0.8827485687178481,
      "mcc": 0.728739710199609,
      "confusion_matrix": [
        [
          46,
          0,
          1,
          0,
          0,
          0
        ],
        [
          0,
          142,
          1,
          7,
          0,
          1
        ],
        [
          0,
          0,
          37,
          0,
          0,
          0
        ],
        [
          21,
          71,
          80,
          1096,
          27,
          4
        ],
        [
          0,
          0,
          0,
          2,
          101,
          0
        ],
        [
          0,
          0,
          0,
          2,
          0,
          0
        ]
      ],
      "per_class_precision": [
        0.6865671641791045,
        0.6666666666666666,
        0.31092436974789917,
        0.990063233965673,
        0.7890625,
        0.0
      ],
      "per_class_recall": [
        0.9787234042553191,
        0.9403973509933775,
        1.0,
        0.8437259430331023,
        0.9805825242718447,
        0.0
      ],
      "per_class_f1": [
        0.8070175438596491,
        0.7802197802197802,
        0.47435897435897434,
        0.9110556940980881,
        0.8744588744588745,
        0.0
      ]
    }
  }
}