{
  "training": {
    "training_time_seconds": 13.050257205963135,
    "best_epoch": 4,
    "total_epochs": 7
  },
  "metrics": {
    "train": {
      "accuracy": 0.6907782864617397,
      "balanced_accuracy": 0.7290918876169555,
      "precision_macro": 0.4153003357215331,
      "recall_macro": 0.7290918876169555,
      "f1_macro": 0.47235211144700023,
      "precision_weighted": 0.8747204903014922,
      "recall_weighted": 0.6907782864617397,
      "f1_weighted": 0.732879317994093,
      "mcc": 0.5269134421414704,
      "confusion_matrix": [
        [
          211,
          5,
          0,
          0,
          0,
          0
        ],
        [
          37,
          605,
          26,
          36,
          2,
          0
        ],
        [
          1,
          0,
          174,
          0,
          0,
          0
        ],
        [
          426,
          668,
          749,
          3855,
          361,
          0
        ],
        [
          10,
          0,
          31,
          2,
          436,
          0
        ],
        [
          0,
          3,
          3,
          3,
          1,
          0
        ]
      ],
      "per_class_precision": [
        0.30802919708029197,
        0.4722872755659641,
        0.1770091556459817,
        0.989476386036961,
        0.545,
        0.0
      ],
      "per_class_recall": [
        0.9768518518518519,
        0.8569405099150141,
        0.9942857142857143,
        0.6362436045552071,
        0.9102296450939458,
        0.0
      ],
      "per_class_f1": [
        0.4683684794672586,
        0.6089582284851535,
        0.3005181347150259,
        0.7744851833249623,
        0.6817826426896012,
        0.0
      ]
    },
    "val": {
      "accuracy": 0.6955460646735815,
      "balanced_accuracy": 0.7401429904988844,
      "precision_macro": 0.4180431591953171,
      "recall_macro": 0.7401429904988844,
      "f1_macro": 0.4773408336437808,
      "precision_weighted": 0.8764686782129991,
      "recall_weighted": 0.6955460646735815,
      "f1_weighted": 0.7363457044422483,
      "mcc": 0.53485824332298,
      "confusion_matrix": [
        [
          47,
          0,
          0,
          0,
          0,
          0
        ],
        [
          6,
          130,
          6,
          8,
          1,
          0
        ],
        [
          0,
          0,
          37,
          0,
          0,
          0
        ],
        [
          95,
          125,
          161,
          829,
          89,
          0
        ],
        [
          1,
          0,
          5,
          0,
          97,
          0
        ],
        [
          0,
          1,
          0,
          1,
          0,
          0
        ]
      ],
      "per_class_precision": [
        0.31543624161073824,
        0.5078125,
        0.17703349282296652,
        0.9892601431980907,
        0.5187165775401069,
        0.0
      ],
      "per_class_recall": [
        1.0,
        0.8609271523178808,
        1.0,
        0.6381832178598922,
        0.941747572815534,
        0.0
      ],
      "per_class_f1": [
        0.47959183673469385,
        0.6388206388206388,
        0.3008130081300813,
        0.7758540009358914,
        0.6689655172413793,
        0.0
      ]
    },
    "test": {
      "accuracy": 0.6949359365466748,
      "balanced_accuracy": 0.7325885124643908,
      "precision_macro": 0.414704677060582,
      "recall_macro": 0.7325885124643908,
      "f1_macro": 0.47336937432355847,
      "precision_weighted": 0.8766870574540534,
      "recall_weighted": 0.6949359365466748,
      "f1_weighted": 0.7361305310979606,
      "mcc": 0.5332536273007972,
      "confusion_matrix": [
        [
          46,
          1,
          0,
          0,
          0,
          0
        ],
        [
          7,
          132,
          7,
          4,
          1,
          0
        ],
        [
          0,
          0,
          37,
          0,
          0,
          0
        ],
        [
          92,
          130,
          154,
          831,
          92,
          0
        ],
        [
          1,
          0,
          7,
          2,
          93,
          0
        ],
        [
          0,
          0,
          1,
          1,
          0,
          0
        ]
      ],
      "per_class_precision": [
        0.3150684931506849,
        0.5019011406844106,
        0.1796116504854369,
        0.9916467780429594,
        0.5,
        0.0
      ],
      "per_class_recall": [
        0.9787234042553191,
        0.8741721854304636,
        1.0,
        0.6397228637413395,
        0.9029126213592233,
        0.0
      ],
      "per_class_f1": [
        0.47668393782383417,
        0.6376811594202898,
        0.3045267489711934,
        0.7777257838090782,
        0.643598615916955,
        0.0
      ]
    }
  }
}