{
  "epochs": [
    1,
    2,
    3,
    4,
    5,
    6,
    7
  ],
  "train_loss": [
    1.3691278591586376,
    1.105138450716741,
    0.942605797148281,
    0.8711023476639942,
    0.7981107762469585,
    0.7486046348154506,
    0.7094107786294601
  ],
  "val_loss": [
    0.9776814037012282,
    0.7948614920036614,
    0.7214741395914823,
    0.6491033450687274,
    0.6090342239354571,
    0.5839737732283875,
    0.5364548772882586
  ],
  "train_accuracy": [
    0.471026814911707,
    0.5098757357750163,
    0.5506867233485938,
    0.5824722040549378,
    0.6048397645519947,
    0.6115107913669064,
    0.6404185742315238
  ],
  "val_accuracy": [
    0.5216595485051861,
    0.5954850518608907,
    0.5668090298962782,
    0.6973764490543014,
    0.6510067114093959,
    0.6674801708358755,
    0.6955460646735815
  ],
  "best_epoch": 4,
  "training_time_seconds": 13.050257205963135
}