{
  "training": {
    "training_time_seconds": 4.281448602676392,
    "best_epoch": 1,
    "total_epochs": 1
  },
  "metrics": {
    "train": {
      "accuracy": 0.87608,
      "balanced_accuracy": 0.6973395038736754,
      "precision_macro": 0.6345713728113804,
      "recall_macro": 0.6973395038736754,
      "f1_macro": 0.6185526817633278,
      "precision_weighted": 0.8691276280599965,
      "recall_weighted": 0.87608,
      "f1_weighted": 0.8695896394860523,
      "mcc": 0.561919496852366,
      "confusion_matrix": [
        [
          2775,
          0,
          1,
          19,
          0
        ],
        [
          0,
          1955,
          2,
          2214,
          0
        ],
        [
          0,
          0,
          2,
          0,
          0
        ],
        [
          4,
          2569,
          0,
          38950,
          166
        ],
        [
          0,
          0,
          0,
          1221,
          122
        ]
      ],
      "per_class_precision": [
        0.9985606333213386,
        0.4321396993810787,
        0.4,
        0.9185454202433733,
        0.4236111111111111
      ],
      "per_class_recall": [
        0.9928443649373881,
        0.4687125389594821,
        1.0,
        0.9342992156204275,
        0.09084139985107967
      ],
      "per_class_f1": [
        0.9956942949407965,
        0.44968372627947095,
        0.5714285714285714,
        0.9263553446779161,
        0.1496014714898835
      ]
    },
    "val": {
      "accuracy": 0.8704933333333333,
      "balanced_accuracy": 0.6679992553859084,
      "precision_macro": 0.6681467923305032,
      "recall_macro": 0.6679992553859084,
      "f1_macro": 0.6294747246138446,
      "precision_weighted": 0.856313266735256,
      "recall_weighted": 0.8704933333333333,
      "f1_weighted": 0.8612246110538091,
      "mcc": 0.5405705451983209,
      "confusion_matrix": [
        [
          33154,
          1,
          8,
          264,
          1,
          0
        ],
        [
          0,
          22010,
          14,
          28078,
          23,
          0
        ],
        [
          0,
          0,
          17,
          0,
          0,
          0
        ],
        [
          94,
          30270,
          0,
          466372,
          2280,
          0
        ],
        [
          0,
          33,
          0,
          16636,
          740,
          0
        ],
        [
          2,
          0,
          0,
          0,
          0,
          3
        ]
      ],
      "per_class_precision": [
        0.9971127819548872,
        0.4207286768360286,
        0.4358974358974359,
        0.912040676640266,
        0.24310118265440211,
        1.0
      ],
      "per_class_recall": [
        0.9918032786885246,
        0.43910224438902745,
        1.0,
        0.9345832598553954,
        0.0425067493825033,
        0.6
      ],
      "per_class_f1": [
        0.9944509433396322,
        0.42971914993313093,
        0.6071428571428571,
        0.9231743744346108,
        0.07236102283283626,
        0.75
      ]
    },
    "test": {
      "accuracy": 0.87078,
      "balanced_accuracy": 0.6907133572706255,
      "precision_macro": 0.6858747957187689,
      "recall_macro": 0.6907133572706255,
      "f1_macro": 0.6672444984365749,
      "precision_weighted": 0.856016462632172,
      "recall_weighted": 0.87078,
      "f1_weighted": 0.8613492469108556,
      "mcc": 0.5412014786460869,
      "confusion_matrix": [
        [
          33191,
          1,
          4,
          232,
          0,
          0
        ],
        [
          1,
          22008,
          8,
          28087,
          22,
          0
        ],
        [
          0,
          1,
          15,
          0,
          0,
          0
        ],
        [
          94,
          30037,
          0,
          466556,
          2329,
          0
        ],
        [
          0,
          25,
          0,
          16690,
          694,
          0
        ],
        [
          1,
          0,
          0,
          0,
          0,
          4
        ]
      ],
      "per_class_precision": [
        0.9971159912278067,
        0.4226455676755262,
        0.5555555555555556,
        0.9120170457322139,
        0.22791461412151068,
        1.0
      ],
      "per_class_recall": [
        0.9929101352159866,
        0.439053584965886,
        0.9375,
        0.9349519855074787,
        0.039864437934401746,
        0.8
      ],
      "per_class_f1": [
        0.9950086187514052,
        0.4306933599483356,
        0.6976744186046512,
        0.9233421170593945,
        0.06785958736677422,
        0.8888888888888888
      ]
    }
  }
}