{
  "epochs": [
    1
  ],
  "train_loss": [],
  "val_loss": [],
  "train_accuracy": [
    0.87608
  ],
  "val_accuracy": [
    0.8704933333333333
  ],
  "best_epoch": 1,
  "training_time_seconds": 4.281448602676392
}