{
  "training": {
    "training_time_seconds": 121.03854012489319,
    "best_epoch": 9,
    "total_epochs": 14
  },
  "metrics": {
    "train": {
      "accuracy": 0.969439401441382,
      "balanced_accuracy": 0.969439401441382,
      "precision_macro": 0.9700396164078587,
      "recall_macro": 0.969439401441382,
      "f1_macro": 0.9689495055599032,
      "precision_weighted": 0.9700396164078587,
      "recall_weighted": 0.969439401441382,
      "f1_weighted": 0.9689495055599033,
      "mcc": 0.9636258334466783,
      "confusion_matrix": [
        [
          6059,
          0,
          0,
          0,
          0,
          0
        ],
        [
          0,
          5840,
          6,
          72,
          0,
          141
        ],
        [
          0,
          35,
          5980,
          0,
          0,
          44
        ],
        [
          100,
          324,
          48,
          5268,
          164,
          155
        ],
        [
          0,
          0,
          22,
          0,
          6037,
          0
        ],
        [
          0,
          0,
          0,
          0,
          0,
          6059
        ]
      ],
      "per_class_precision": [
        0.9837635979866861,
        0.9420874334570092,
        0.987450462351387,
        0.9865168539325843,
        0.9735526527979358,
        0.9468666979215502
      ],
      "per_class_recall": [
        1.0,
        0.963855421686747,
        0.9869615448093745,
        0.8694504043571546,
        0.9963690377950157,
        1.0
      ],
      "per_class_f1": [
        0.9918153543951547,
        0.9528471202480013,
        0.987205943045811,
        0.9242916045267129,
        0.9848287112561175,
        0.9727082998876224
      ]
    },
    "val": {
      "accuracy": 0.8877364246491763,
      "balanced_accuracy": 0.7939004495525305,
      "precision_macro": 0.6249255800191923,
      "recall_macro": 0.7939004495525305,
      "f1_macro": 0.6923496053763635,
      "precision_weighted": 0.9301524718544942,
      "recall_weighted": 0.8877364246491763,
      "f1_weighted": 0.9007464459282387,
      "mcc": 0.760552346423082,
      "confusion_matrix": [
        [
          47,
          0,
          0,
          0,
          0,
          0
        ],
        [
          0,
          139,
          1,
          4,
          0,
          7
        ],
        [
          0,
          0,
          36,
          0,
          0,
          1
        ],
        [
          18,
          68,
          17,
          1130,
          45,
          21
        ],
        [
          0,
          0,
          0,
          0,
          103,
          0
        ],
        [
          0,
          1,
          0,
          1,
          0,
          0
        ]
      ],
      "per_class_precision": [
        0.7230769230769231,
        0.6682692307692307,
        0.6666666666666666,
        0.9955947136563876,
        0.6959459459459459,
        0.0
      ],
      "per_class_recall": [
        1.0,
        0.9205298013245033,
        0.972972972972973,
        0.8698999230177059,
        1.0,
        0.0
      ],
      "per_class_f1": [
        0.8392857142857143,
        0.7743732590529248,
        0.7912087912087912,
        0.9285127362366475,
        0.8207171314741036,
        0.0
      ]
    },
    "test": {
      "accuracy": 0.884685784014643,
      "balanced_accuracy": 0.7991116240508284,
      "precision_macro": 0.6302557975320123,
      "recall_macro": 0.7991116240508284,
      "f1_macro": 0.6973782729518535,
      "precision_weighted": 0.9338799833257809,
      "recall_weighted": 0.884685784014643,
      "f1_weighted": 0.9003566661997678,
      "mcc": 0.7600985076918876,
      "confusion_matrix": [
        [
          47,
          0,
          0,
          0,
          0,
          0
        ],
        [
          0,
          145,
          0,
          1,
          0,
          5
        ],
        [
          0,
          0,
          36,
          0,
          0,
          1
        ],
        [
          21,
          62,
          15,
          1119,
          47,
          35
        ],
        [
          0,
          0,
          0,
          0,
          103,
          0
        ],
        [
          0,
          0,
          0,
          2,
          0,
          0
        ]
      ],
      "per_class_precision": [
        0.6911764705882353,
        0.7004830917874396,
        0.7058823529411765,
        0.9973262032085561,
        0.6866666666666666,
        0.0
      ],
      "per_class_recall": [
        1.0,
        0.9602649006622517,
        0.972972972972973,
        0.8614318706697459,
        1.0,
        0.0
      ],
      "per_class_f1": [
        0.8173913043478261,
        0.8100558659217877,
        0.8181818181818182,
        0.9244114002478315,
        0.8142292490118577,
        0.0
      ]
    }
  }
}