{
  "epochs": [
    1,
    2,
    3,
    4,
    5,
    6,
    7,
    8,
    9,
    10,
    11,
    12,
    13,
    14
  ],
  "train_loss": [
    0.6215012848177202,
    0.32750711992031317,
    0.23925623329252918,
    0.18955760178282086,
    0.15755394161950148,
    0.12442164864753355,
    0.09930121090427649,
    0.08072054291126286,
    0.06286570143103994,
    0.05519782399406114,
    0.19827962103457542,
    0.17435775706423087,
    0.15536406209419065,
    0.1454445159751052
  ],
  "val_loss": [
    1.0274596641964124,
    0.7200322832146238,
    0.5400809803119587,
    0.4960636470337297,
    0.38077272923891686,
    0.5004811560191882,
    0.31147327864673435,
    0.2394719873030816,
    0.21504627014851624,
    0.23068630373653354,
    0.49083667606242626,
    0.2816703577706041,
    0.37118552667909893,
    0.3727162233425976
  ],
  "train_accuracy": [
    0.7666831710403257,
    0.8839467458876602,
    0.9171480442317214,
    0.9375584529900424,
    0.9494140947351049,
    0.9609946635858503,
    0.9698245034934257,
    0.975656048852946,
    0.9819827254222369,
    0.983798206524729,
    0.9374209165428838,
    0.9459756835561424,
    0.9494140947351049,
    0.9551081036474666
  ],
  "val_accuracy": [
    0.5826723611958511,
    0.7406955460646736,
    0.8212324588163514,
    0.8383160463697377,
    0.8712629652226968,
    0.8645515558267236,
    0.9176327028676022,
    0.9316656497864552,
    0.9463087248322147,
    0.9414276998169616,
    0.8633312995729103,
    0.900549115314216,
    0.8907870652837095,
    0.8877364246491763
  ],
  "best_epoch": 9,
  "training_time_seconds": 121.03854012489319
}