{
  "training": {
    "training_time_seconds": 0.6925597190856934,
    "best_epoch": 1,
    "total_epochs": 1
  },
  "metrics": {
    "train": {
      "accuracy": 0.9957638774275183,
      "balanced_accuracy": 0.9957638774275184,
      "precision_macro": 0.9958451168589201,
      "recall_macro": 0.9957638774275184,
      "f1_macro": 0.9957571423217817,
      "precision_weighted": 0.9958451168589201,
      "recall_weighted": 0.9957638774275183,
      "f1_weighted": 0.9957571423217816,
      "mcc": 0.9949356241328668,
      "confusion_matrix": [
        [
          6059,
          0,
          0,
          0,
          0,
          0
        ],
        [
          0,
          6059,
          0,
          0,
          0,
          0
        ],
        [
          0,
          0,
          6059,
          0,
          0,
          0
        ],
        [
          18,
          134,
          0,
          5905,
          2,
          0
        ],
        [
          0,
          0,
          0,
          0,
          6059,
          0
        ],
        [
          0,
          0,
          0,
          0,
          0,
          6059
        ]
      ],
      "per_class_precision": [
        0.997038012177061,
        0.9783626675278541,
        1.0,
        1.0,
        0.9996700214486058,
        1.0
      ],
      "per_class_recall": [
        1.0,
        1.0,
        1.0,
        0.9745832645651098,
        1.0,
        1.0
      ],
      "per_class_f1": [
        0.9985168094924193,
        0.9890630101207966,
        1.0,
        0.987128050819124,
        0.9998349834983499,
        1.0
      ]
    },
    "val": {
      "accuracy": 0.963392312385601,
      "balanced_accuracy": 0.8205230182338227,
      "precision_macro": 0.765394260373812,
      "recall_macro": 0.8205230182338227,
      "f1_macro": 0.78994193077121,
      "precision_weighted": 0.9692090364201537,
      "recall_weighted": 0.963392312385601,
      "f1_weighted": 0.9646435978573905,
      "mcc": 0.9070863883417137,
      "confusion_matrix": [
        [
          46,
          0,
          0,
          1,
          0,
          0
        ],
        [
          0,
          149,
          0,
          2,
          0,
          0
        ],
        [
          0,
          0,
          37,
          0,
          0,
          0
        ],
        [
          8,
          43,
          0,
          1244,
          3,
          1
        ],
        [
          0,
          0,
          0,
          0,
          103,
          0
        ],
        [
          0,
          1,
          0,
          1,
          0,
          0
        ]
      ],
      "per_class_precision": [
        0.8518518518518519,
        0.772020725388601,
        1.0,
        0.9967948717948718,
        0.9716981132075472,
        0.0
      ],
      "per_class_recall": [
        0.9787234042553191,
        0.9867549668874173,
        1.0,
        0.9576597382602001,
        1.0,
        0.0
      ],
      "per_class_f1": [
        0.9108910891089109,
        0.8662790697674418,
        1.0,
        0.9768354927365528,
        0.9856459330143541,
        0.0
      ]
    },
    "test": {
      "accuracy": 0.9694935936546675,
      "balanced_accuracy": 0.8149645876974914,
      "precision_macro": 0.7758752018801239,
      "recall_macro": 0.8149645876974914,
      "f1_macro": 0.7936382732220268,
      "precision_weighted": 0.9718060594753152,
      "recall_weighted": 0.9694935936546675,
      "f1_weighted": 0.9697706533386398,
      "mcc": 0.9197661662625878,
      "confusion_matrix": [
        [
          46,
          0,
          0,
          1,
          0,
          0
        ],
        [
          0,
          148,
          0,
          3,
          0,
          0
        ],
        [
          0,
          0,
          36,
          1,
          0,
          0
        ],
        [
          7,
          32,
          0,
          1257,
          3,
          0
        ],
        [
          0,
          0,
          0,
          1,
          102,
          0
        ],
        [
          0,
          0,
          0,
          2,
          0,
          0
        ]
      ],
      "per_class_precision": [
        0.8679245283018868,
        0.8222222222222222,
        1.0,
        0.9936758893280633,
        0.9714285714285714,
        0.0
      ],
      "per_class_recall": [
        0.9787234042553191,
        0.9801324503311258,
        0.972972972972973,
        0.9676674364896074,
        0.9902912621359223,
        0.0
      ],
      "per_class_f1": [
        0.92,
        0.8942598187311178,
        0.9863013698630136,
        0.9804992199687987,
        0.9807692307692307,
        0.0
      ]
    }
  }
}