{
  "training": {
    "training_time_seconds": 3.9042718410491943,
    "best_epoch": 1,
    "total_epochs": 1
  },
  "metrics": {
    "train": {
      "accuracy": 0.999345977763244,
      "balanced_accuracy": 0.9998624635528416,
      "precision_macro": 0.9827364727789948,
      "recall_macro": 0.9998624635528416,
      "f1_macro": 0.9909349018067964,
      "precision_weighted": 0.9993607266808703,
      "recall_weighted": 0.999345977763244,
      "f1_weighted": 0.9993496744412125,
      "mcc": 0.99817780497637,
      "confusion_matrix": [
        [
          216,
          0,
          0,
          0,
          0,
          0
        ],
        [
          0,
          706,
          0,
          0,
          0,
          0
        ],
        [
          0,
          0,
          175,
          0,
          0,
          0
        ],
        [
          2,
          1,
          0,
          6054,
          1,
          1
        ],
        [
          0,
          0,
          0,
          0,
          479,
          0
        ],
        [
          0,
          0,
          0,
          0,
          0,
          10
        ]
      ],
      "per_class_precision": [
        0.9908256880733946,
        0.9985855728429985,
        1.0,
        1.0,
        0.9979166666666667,
        0.9090909090909091
      ],
      "per_class_recall": [
        1.0,
        1.0,
        1.0,
        0.9991747813170491,
        1.0,
        1.0
      ],
      "per_class_f1": [
        0.9953917050691244,
        0.9992922859164898,
        1.0,
        0.9995872203417816,
        0.9989572471324296,
        0.9523809523809523
      ]
    },
    "val": {
      "accuracy": 0.9798657718120806,
      "balanced_accuracy": 0.8191099767874394,
      "precision_macro": 0.8010771897187304,
      "recall_macro": 0.8191099767874394,
      "f1_macro": 0.8098134228244067,
      "precision_weighted": 0.9795163458562971,
      "recall_weighted": 0.9798657718120806,
      "f1_weighted": 0.9795286446334872,
      "mcc": 0.9449885923741916,
      "confusion_matrix": [
        [
          46,
          0,
          0,
          1,
          0,
          0
        ],
        [
          0,
          144,
          0,
          7,
          0,
          0
        ],
        [
          0,
          0,
          37,
          0,
          0,
          0
        ],
        [
          2,
          18,
          0,
          1276,
          3,
          0
        ],
        [
          0,
          0,
          0,
          0,
          103,
          0
        ],
        [
          0,
          1,
          0,
          1,
          0,
          0
        ]
      ],
      "per_class_precision": [
        0.9583333333333334,
        0.8834355828220859,
        1.0,
        0.9929961089494164,
        0.9716981132075472,
        0.0
      ],
      "per_class_recall": [
        0.9787234042553191,
        0.9536423841059603,
        1.0,
        0.9822940723633564,
        1.0,
        0.0
      ],
      "per_class_f1": [
        0.968421052631579,
        0.9171974522292994,
        1.0,
        0.9876160990712074,
        0.9856459330143541,
        0.0
      ]
    },
    "test": {
      "accuracy": 0.9859670530811471,
      "balanced_accuracy": 0.8174133767141939,
      "precision_macro": 0.818594830242141,
      "recall_macro": 0.8174133767141939,
      "f1_macro": 0.817944705915363,
      "precision_weighted": 0.9866178713726396,
      "recall_weighted": 0.9859670530811471,
      "f1_weighted": 0.9862726173054784,
      "mcc": 0.9608742847821815,
      "confusion_matrix": [
        [
          46,
          0,
          0,
          1,
          0,
          0
        ],
        [
          0,
          144,
          0,
          5,
          0,
          2
        ],
        [
          0,
          0,
          37,
          0,
          0,
          0
        ],
        [
          0,
          5,
          0,
          1288,
          5,
          1
        ],
        [
          0,
          0,
          0,
          2,
          101,
          0
        ],
        [
          0,
          0,
          0,
          2,
          0,
          0
        ]
      ],
      "per_class_precision": [
        1.0,
        0.9664429530201343,
        1.0,
        0.9922958397534669,
        0.9528301886792453,
        0.0
      ],
      "per_class_recall": [
        0.9787234042553191,
        0.9536423841059603,
        1.0,
        0.99153194765204,
        0.9805825242718447,
        0.0
      ],
      "per_class_f1": [
        0.989247311827957,
        0.96,
        1.0,
        0.9919137466307277,
        0.9665071770334929,
        0.0
      ]
    }
  }
}