{
  "training": {
    "training_time_seconds": 126.60591721534729,
    "best_epoch": 10,
    "total_epochs": 15
  },
  "metrics": {
    "train": {
      "accuracy": 0.9746657864334048,
      "balanced_accuracy": 0.9746657864334048,
      "precision_macro": 0.9745448178790818,
      "recall_macro": 0.9746657864334048,
      "f1_macro": 0.9743429761125193,
      "precision_weighted": 0.974544817879082,
      "recall_weighted": 0.9746657864334048,
      "f1_weighted": 0.9743429761125193,
      "mcc": 0.9697016490381136,
      "confusion_matrix": [
        [
          6059,
          0,
          0,
          0,
          0,
          0
        ],
        [
          16,
          5805,
          27,
          176,
          0,
          35
        ],
        [
          0,
          0,
          6015,
          0,
          0,
          44
        ],
        [
          85,
          230,
          73,
          5456,
          95,
          120
        ],
        [
          0,
          0,
          9,
          11,
          6039,
          0
        ],
        [
          0,
          0,
          0,
          0,
          0,
          6059
        ]
      ],
      "per_class_precision": [
        0.9836038961038961,
        0.9618889809444905,
        0.9822011757021555,
        0.9668615984405458,
        0.9845125529833714,
        0.9682007031000319
      ],
      "per_class_recall": [
        1.0,
        0.9580788909060901,
        0.9927380755900314,
        0.9004786268361116,
        0.996699125268196,
        1.0
      ],
      "per_class_f1": [
        0.9917341844668139,
        0.959980155448983,
        0.9874415168677666,
        0.932490172620065,
        0.9905683588944476,
        0.9838434683770398
      ]
    },
    "val": {
      "accuracy": 0.9029896278218426,
      "balanced_accuracy": 0.7960926309223252,
      "precision_macro": 0.6293340070944319,
      "recall_macro": 0.7960926309223252,
      "f1_macro": 0.6959934240295916,
      "precision_weighted": 0.9324521032277812,
      "recall_weighted": 0.9029896278218426,
      "f1_weighted": 0.9118864935895262,
      "mcc": 0.7813075098816626,
      "confusion_matrix": [
        [
          47,
          0,
          0,
          0,
          0,
          0
        ],
        [
          1,
          135,
          2,
          9,
          0,
          4
        ],
        [
          0,
          0,
          37,
          0,
          0,
          0
        ],
        [
          19,
          57,
          20,
          1159,
          31,
          13
        ],
        [
          0,
          0,
          1,
          0,
          102,
          0
        ],
        [
          0,
          1,
          0,
          1,
          0,
          0
        ]
      ],
      "per_class_precision": [
        0.7014925373134329,
        0.6994818652849741,
        0.6166666666666667,
        0.9914456800684346,
        0.7669172932330827,
        0.0
      ],
      "per_class_recall": [
        1.0,
        0.8940397350993378,
        1.0,
        0.8922247882986913,
        0.9902912621359223,
        0.0
      ],
      "per_class_f1": [
        0.8245614035087719,
        0.7848837209302325,
        0.7628865979381443,
        0.9392220421393841,
        0.864406779661017,
        0.0
      ]
    },
    "test": {
      "accuracy": 0.9042098840756558,
      "balanced_accuracy": 0.7953737896333051,
      "precision_macro": 0.6610360135872889,
      "recall_macro": 0.7953737896333051,
      "f1_macro": 0.7177756750593516,
      "precision_weighted": 0.934839781597387,
      "recall_weighted": 0.9042098840756558,
      "f1_weighted": 0.9151127381566517,
      "mcc": 0.7805725324279784,
      "confusion_matrix": [
        [
          47,
          0,
          0,
          0,
          0,
          0
        ],
        [
          0,
          134,
          0,
          14,
          0,
          3
        ],
        [
          0,
          0,
          37,
          0,
          0,
          0
        ],
        [
          14,
          50,
          13,
          1162,
          33,
          27
        ],
        [
          0,
          0,
          1,
          0,
          102,
          0
        ],
        [
          0,
          0,
          0,
          2,
          0,
          0
        ]
      ],
      "per_class_precision": [
        0.7704918032786885,
        0.7282608695652174,
        0.7254901960784313,
        0.9864176570458404,
        0.7555555555555555,
        0.0
      ],
      "per_class_recall": [
        1.0,
        0.8874172185430463,
        1.0,
        0.8945342571208622,
        0.9902912621359223,
        0.0
      ],
      "per_class_f1": [
        0.8703703703703703,
        0.8,
        0.8409090909090909,
        0.9382317319337908,
        0.8571428571428571,
        0.0
      ]
    }
  }
}