{
  "epochs": [
    1,
    2,
    3,
    4,
    5,
    6,
    7,
    8,
    9,
    10,
    11,
    12,
    13,
    14,
    15
  ],
  "train_loss": [
    0.5940383586704849,
    0.31793918452799114,
    0.23561847911007222,
    0.1876598623744521,
    0.1512326850024446,
    0.12030031190200458,
    0.09153870012164712,
    0.07173162116255385,
    0.055954745390620036,
    0.04779153585567123,
    0.19721287866518308,
    0.16152976454804235,
    0.14428084183332862,
    0.1344427336211277,
    0.12169694543688878
  ],
  "val_loss": [
    0.9648548466101734,
    0.6383626381386482,
    0.594916843182434,
    0.4461765682337268,
    0.35784015015831366,
    0.39023698348770186,
    0.326905392950399,
    0.23372321904561558,
    0.26669752849327016,
    0.22644885618407018,
    0.4364025686993113,
    0.4402571970220744,
    0.4208039720477383,
    0.3621998639559104,
    0.33316299626663387
  ],
  "train_accuracy": [
    0.7795840897837927,
    0.8901633932992243,
    0.9210815866204545,
    0.9397040215657149,
    0.9512020685481652,
    0.9633327831875447,
    0.972822798041481,
    0.979589591241679,
    0.9838532211035924,
    0.985998789679265,
    0.9395664851185564,
    0.9497991967871486,
    0.954337899543379,
    0.9594267480882434,
    0.9632777686086813
  ],
  "val_accuracy": [
    0.6296522269676632,
    0.7785234899328859,
    0.7901159243441123,
    0.8431970713849909,
    0.8852959121415497,
    0.8877364246491763,
    0.9054301403294692,
    0.9304453935326419,
    0.9341061622940817,
    0.9438682123245882,
    0.8578401464307505,
    0.8596705308114704,
    0.8822452715070165,
    0.8956680902989628,
    0.9029896278218426
  ],
  "best_epoch": 10,
  "training_time_seconds": 126.60591721534729
}