{
  "epochs": [
    1
  ],
  "train_loss": [],
  "val_loss": [],
  "train_accuracy": [
    0.9421764088783549
  ],
  "val_accuracy": [
    0.7102746666666667
  ],
  "best_epoch": 1,
  "training_time_seconds": 680.6835262775421
}