{
  "epochs": [
    1
  ],
  "train_loss": [],
  "val_loss": [],
  "train_accuracy": [
    1.0
  ],
  "val_accuracy": [
    0.9743746186699207
  ],
  "best_epoch": 1,
  "training_time_seconds": 0.0030717849731445312
}