{
  "training": {
    "training_time_seconds": 0.3420090675354004,
    "best_epoch": 1,
    "total_epochs": 1
  },
  "metrics": {
    "train": {
      "accuracy": 0.9764285714285714,
      "balanced_accuracy": 0.7707725824807433,
      "precision_macro": 0.8253489938248353,
      "recall_macro": 0.7707725824807433,
      "f1_macro": 0.7948963687414162,
      "precision_weighted": 0.9756564638662368,
      "recall_weighted": 0.9764285714285714,
      "f1_weighted": 0.9749344378454657,
      "mcc": 0.940012265423448,
      "confusion_matrix": [
        [
          52,
          0,
          0,
          0,
          0,
          0
        ],
        [
          0,
          123,
          0,
          23,
          0,
          0
        ],
        [
          0,
          0,
          23,
          6,
          0,
          0
        ],
        [
          1,
          0,
          0,
          1070,
          0,
          0
        ],
        [
          0,
          0,
          0,
          1,
          99,
          0
        ],
        [
          0,
          0,
          0,
          2,
          0,
          0
        ]
      ],
      "per_class_precision": [
        0.9811320754716981,
        1.0,
        1.0,
        0.9709618874773139,
        1.0,
        0.0
      ],
      "per_class_recall": [
        1.0,
        0.8424657534246576,
        0.7931034482758621,
        0.9990662931839402,
        0.99,
        0.0
      ],
      "per_class_f1": [
        0.9904761904761905,
        0.9144981412639405,
        0.8846153846153846,
        0.9848136217211229,
        0.9949748743718593,
        0.0
      ]
    },
    "val": {
      "accuracy": 0.92,
      "balanced_accuracy": 0.7500352907961604,
      "precision_macro": 0.9376218323586745,
      "recall_macro": 0.7500352907961604,
      "f1_macro": 0.8211817697754258,
      "precision_weighted": 0.9197725795971411,
      "recall_weighted": 0.92,
      "f1_weighted": 0.9161454410922494,
      "mcc": 0.785665458204031,
      "confusion_matrix": [
        [
          8,
          1,
          0,
          2,
          0
        ],
        [
          0,
          22,
          0,
          10,
          0
        ],
        [
          0,
          0,
          3,
          3,
          0
        ],
        [
          0,
          4,
          0,
          225,
          1
        ],
        [
          0,
          0,
          0,
          3,
          18
        ]
      ],
      "per_class_precision": [
        1.0,
        0.8148148148148148,
        1.0,
        0.9259259259259259,
        0.9473684210526315
      ],
      "per_class_recall": [
        0.7272727272727273,
        0.6875,
        0.5,
        0.9782608695652174,
        0.8571428571428571
      ],
      "per_class_f1": [
        0.8421052631578947,
        0.7457627118644068,
        0.6666666666666666,
        0.9513742071881607,
        0.9
      ]
    },
    "test": {
      "accuracy": 0.91,
      "balanced_accuracy": 0.7286149007607634,
      "precision_macro": 0.8457261829242505,
      "recall_macro": 0.7286149007607634,
      "f1_macro": 0.7723256932559259,
      "precision_weighted": 0.9055955149997017,
      "recall_weighted": 0.91,
      "f1_weighted": 0.904349661248886,
      "mcc": 0.7588114903083595,
      "confusion_matrix": [
        [
          9,
          0,
          0,
          2,
          0
        ],
        [
          0,
          19,
          0,
          12,
          0
        ],
        [
          0,
          0,
          2,
          4,
          0
        ],
        [
          2,
          4,
          1,
          223,
          0
        ],
        [
          0,
          0,
          0,
          2,
          20
        ]
      ],
      "per_class_precision": [
        0.8181818181818182,
        0.8260869565217391,
        0.6666666666666666,
        0.9176954732510288,
        1.0
      ],
      "per_class_recall": [
        0.8181818181818182,
        0.6129032258064516,
        0.3333333333333333,
        0.9695652173913043,
        0.9090909090909091
      ],
      "per_class_f1": [
        0.8181818181818182,
        0.7037037037037037,
        0.4444444444444444,
        0.9429175475687104,
        0.9523809523809523
      ]
    }
  }
}