{
  "training": {
    "training_time_seconds": 249.20694208145142,
    "best_epoch": 40,
    "total_epochs": 45
  },
  "metrics": {
    "train": {
      "accuracy": 0.9973868075039886,
      "balanced_accuracy": 0.9973868075039886,
      "precision_macro": 0.9974048983182677,
      "recall_macro": 0.9973868075039886,
      "f1_macro": 0.9973810265276316,
      "precision_weighted": 0.9974048983182678,
      "recall_weighted": 0.9973868075039886,
      "f1_weighted": 0.9973810265276315,
      "mcc": 0.9968700732456098,
      "confusion_matrix": [
        [
          6059,
          0,
          0,
          0,
          0,
          0
        ],
        [
          0,
          6059,
          0,
          0,
          0,
          0
        ],
        [
          0,
          0,
          6059,
          0,
          0,
          0
        ],
        [
          12,
          60,
          0,
          5964,
          9,
          14
        ],
        [
          0,
          0,
          0,
          0,
          6059,
          0
        ],
        [
          0,
          0,
          0,
          0,
          0,
          6059
        ]
      ],
      "per_class_precision": [
        0.9980233898863449,
        0.9901944762216048,
        1.0,
        1.0,
        0.9985168094924193,
        0.9976947143092376
      ],
      "per_class_recall": [
        1.0,
        1.0,
        1.0,
        0.9843208450239314,
        1.0,
        1.0
      ],
      "per_class_f1": [
        0.9990107172300082,
        0.9950730826079816,
        1.0,
        0.9920984779173251,
        0.9992578543745362,
        0.998846027035938
      ]
    },
    "val": {
      "accuracy": 0.9816961561928005,
      "balanced_accuracy": 0.8277899284047671,
      "precision_macro": 0.800750684406871,
      "recall_macro": 0.8277899284047671,
      "f1_macro": 0.8135546701348414,
      "precision_weighted": 0.9832108596540787,
      "recall_weighted": 0.9816961561928005,
      "f1_weighted": 0.982062219650191,
      "mcc": 0.9510375378121708,
      "confusion_matrix": [
        [
          47,
          0,
          0,
          0,
          0,
          0
        ],
        [
          0,
          149,
          0,
          2,
          0,
          0
        ],
        [
          0,
          0,
          37,
          0,
          0,
          0
        ],
        [
          3,
          20,
          0,
          1273,
          1,
          2
        ],
        [
          0,
          0,
          0,
          0,
          103,
          0
        ],
        [
          0,
          1,
          0,
          1,
          0,
          0
        ]
      ],
      "per_class_precision": [
        0.94,
        0.8764705882352941,
        1.0,
        0.9976489028213166,
        0.9903846153846154,
        0.0
      ],
      "per_class_recall": [
        1.0,
        0.9867549668874173,
        1.0,
        0.9799846035411856,
        1.0,
        0.0
      ],
      "per_class_f1": [
        0.9690721649484536,
        0.9283489096573209,
        1.0,
        0.98873786407767,
        0.9951690821256038,
        0.0
      ]
    },
    "test": {
      "accuracy": 0.9780353874313605,
      "balanced_accuracy": 0.8270201054640435,
      "precision_macro": 0.8000017094672071,
      "recall_macro": 0.8270201054640435,
      "f1_macro": 0.8129396721041341,
      "precision_weighted": 0.9829474050907252,
      "recall_weighted": 0.9780353874313605,
      "f1_weighted": 0.9801171680947282,
      "mcc": 0.941898572573618,
      "confusion_matrix": [
        [
          47,
          0,
          0,
          0,
          0,
          0
        ],
        [
          0,
          149,
          0,
          1,
          0,
          1
        ],
        [
          0,
          0,
          37,
          0,
          0,
          0
        ],
        [
          1,
          19,
          1,
          1267,
          4,
          7
        ],
        [
          0,
          0,
          0,
          0,
          103,
          0
        ],
        [
          0,
          0,
          0,
          2,
          0,
          0
        ]
      ],
      "per_class_precision": [
        0.9791666666666666,
        0.8869047619047619,
        0.9736842105263158,
        0.9976377952755906,
        0.9626168224299065,
        0.0
      ],
      "per_class_recall": [
        1.0,
        0.9867549668874173,
        1.0,
        0.9753656658968437,
        1.0,
        0.0
      ],
      "per_class_f1": [
        0.9894736842105263,
        0.9341692789968652,
        0.9866666666666667,
        0.9863760217983651,
        0.9809523809523809,
        0.0
      ]
    }
  }
}