{
  "epochs": [
    1,
    2,
    3,
    4,
    5,
    6,
    7,
    8,
    9,
    10,
    11,
    12,
    13,
    14,
    15,
    16,
    17,
    18,
    19,
    20,
    21,
    22,
    23,
    24,
    25,
    26,
    27,
    28,
    29,
    30,
    31,
    32,
    33,
    34,
    35,
    36,
    37,
    38,
    39,
    40,
    41,
    42,
    43,
    44,
    45
  ],
  "train_loss": [
    0.42953080936346966,
    0.18490726513169273,
    0.14162618680290703,
    0.12129965474805611,
    0.1077675408765926,
    0.09854980869628956,
    0.09080794466765908,
    0.08456829939882551,
    0.08121438476911438,
    0.07558386170536849,
    0.06995913382557264,
    0.07172349395759735,
    0.06641355679523846,
    0.06072610032468555,
    0.058289310216226235,
    0.05614526979525058,
    0.05250618220340493,
    0.04948556662348135,
    0.047653138032111964,
    0.045585636914991075,
    0.042853079985907344,
    0.040427241072074446,
    0.042227246664438244,
    0.03784400708958549,
    0.03546262665645411,
    0.03305105282430599,
    0.0322439399826703,
    0.030958026287681968,
    0.029183476414175787,
    0.02819721950249848,
    0.025894064630001226,
    0.025215907234414504,
    0.023567919242487065,
    0.021542755798808294,
    0.020635294263639838,
    0.01942649066583783,
    0.018461326542851857,
    0.017833922444588878,
    0.0165049178474915,
    0.015486295591096332,
    0.014858655148980139,
    0.01477603062761068,
    0.013434044520618697,
    0.013075621691518598,
    0.013171439596328226
  ],
  "val_loss": [
    0.3945997961597373,
    0.31073396130623504,
    0.24958026350735527,
    0.2701894864496787,
    0.2500516728823635,
    0.32909286905436924,
    0.22718171251749095,
    0.21024057916874125,
    0.19043518052748368,
    0.1801227446488668,
    0.17702932074416572,
    0.16955264335548076,
    0.19666169339169018,
    0.19254529842678708,
    0.1634578269338755,
    0.14273416001524844,
    0.16739171631547736,
    0.20030992277043247,
    0.13171301232926466,
    0.1443043480935821,
    0.16097967088545914,
    0.12989292480617864,
    0.15176159695678187,
    0.13186746064510396,
    0.14938624334618048,
    0.14463737384880457,
    0.13422410675056448,
    0.1327966875240739,
    0.12364915588698618,
    0.1200367800973003,
    0.11841603429155906,
    0.115314778470228,
    0.12720523457097566,
    0.1176573338018711,
    0.13282462271600004,
    0.13254099664983915,
    0.11753081287930864,
    0.1305248888608696,
    0.11939949690008586,
    0.11961765102132253,
    0.12877584109305648,
    0.11714346893078462,
    0.12092128125540859,
    0.11850158630863367,
    0.11787300788041831
  ],
  "train_accuracy": [
    0.8474720801012269,
    0.938053584199813,
    0.9537327391758816,
    0.961654838532211,
    0.9662485558673048,
    0.9696319524674039,
    0.9726577543048908,
    0.9737305385927271,
    0.9753534686691974,
    0.9771964570611212,
    0.9786268361115695,
    0.9778016174286186,
    0.9799196787148594,
    0.9813225504758761,
    0.9829454805523463,
    0.9833580898938219,
    0.983715684656434,
    0.984898498101997,
    0.9858062386532431,
    0.9861913407052869,
    0.9873191395719866,
    0.9877042416240304,
    0.98737415415085,
    0.9891071133850471,
    0.9897397810419761,
    0.9900698685151565,
    0.9903724486989052,
    0.9912801892501513,
    0.9918303350387853,
    0.9917203058810585,
    0.9922979589591242,
    0.9925455245640095,
    0.9929856411949166,
    0.9938108598778677,
    0.9939483963250262,
    0.9943610056665017,
    0.9943610056665017,
    0.9946360785608186,
    0.994966166033999,
    0.9957363701380866,
    0.9959289211641085,
    0.9955713264014964,
    0.996148979479562,
    0.9960389503218353,
    0.9962039940584255
  ],
  "val_accuracy": [
    0.8511287370347773,
    0.896888346552776,
    0.9292251372788286,
    0.9261744966442953,
    0.9206833435021354,
    0.9115314215985357,
    0.9365466748017084,
    0.9365466748017084,
    0.9517998779743746,
    0.959731543624161,
    0.9554606467358145,
    0.9517998779743746,
    0.9554606467358145,
    0.9524100061012812,
    0.9603416717510678,
    0.963392312385601,
    0.9579011592434411,
    0.9548505186089079,
    0.9676632092739476,
    0.9676632092739476,
    0.9658328248932275,
    0.9701037217815741,
    0.9646125686394142,
    0.975594874923734,
    0.9682733374008542,
    0.9688834655277608,
    0.971934106162294,
    0.9774252593044539,
    0.9774252593044539,
    0.975594874923734,
    0.975594874923734,
    0.9786455155582673,
    0.9768151311775473,
    0.9780353874313605,
    0.9792556436851739,
    0.9768151311775473,
    0.9816961561928005,
    0.9786455155582673,
    0.9829164124466138,
    0.9853569249542404,
    0.9816961561928005,
    0.984136668700427,
    0.9816961561928005,
    0.9816961561928005,
    0.9816961561928005
  ],
  "best_epoch": 40,
  "training_time_seconds": 249.20694208145142
}