{
  "training": {
    "training_time_seconds": 43.01654005050659,
    "best_epoch": 1,
    "total_epochs": 1
  },
  "metrics": {
    "train": {
      "accuracy": 0.9596297336245804,
      "balanced_accuracy": 0.9596297336245804,
      "precision_macro": 0.9618552432290692,
      "recall_macro": 0.9596297336245804,
      "f1_macro": 0.9595234334615361,
      "precision_weighted": 0.9618552432290691,
      "recall_weighted": 0.9596297336245804,
      "f1_weighted": 0.9595234334615362,
      "mcc": 0.947002351913422,
      "confusion_matrix": [
        [
          968708,
          0,
          0,
          0
        ],
        [
          0,
          840851,
          127857,
          0
        ],
        [
          0,
          28571,
          940137,
          0
        ],
        [
          0,
          0,
          0,
          968708
        ]
      ],
      "per_class_precision": [
        1.0,
        0.9671379376183258,
        0.8802830352979512,
        1.0
      ],
      "per_class_recall": [
        1.0,
        0.868012858363924,
        0.9705060761343975,
        1.0
      ],
      "per_class_f1": [
        1.0,
        0.9148982933742444,
        0.9231954404719002,
        1.0
      ]
    },
    "val": {
      "accuracy": 0.87667165923707,
      "balanced_accuracy": 0.9597919993516015,
      "precision_macro": 0.8449956360190991,
      "recall_macro": 0.9597919993516015,
      "f1_macro": 0.8694043184016423,
      "precision_weighted": 0.949616049007492,
      "recall_weighted": 0.87667165923707,
      "f1_weighted": 0.899203519461645,
      "mcc": 0.5648364771113493,
      "confusion_matrix": [
        [
          10,
          0,
          0,
          0
        ],
        [
          0,
          180348,
          27233,
          0
        ],
        [
          0,
          516,
          16893,
          0
        ],
        [
          0,
          0,
          0,
          1
        ]
      ],
      "per_class_precision": [
        1.0,
        0.9971470276008493,
        0.3828355164755473,
        1.0
      ],
      "per_class_recall": [
        1.0,
        0.8688078388677191,
        0.9703601585386868,
        1.0
      ],
      "per_class_f1": [
        1.0,
        0.9285638893537052,
        0.5490533842528642,
        1.0
      ]
    },
    "test": {
      "accuracy": 0.8759777777777777,
      "balanced_accuracy": 0.9591698128770701,
      "precision_macro": 0.844568243775779,
      "recall_macro": 0.9591698128770701,
      "f1_macro": 0.8688314493198924,
      "precision_weighted": 0.9493280573010214,
      "recall_weighted": 0.8759777777777777,
      "f1_weighted": 0.8986722707834258,
      "mcc": 0.562729369424114,
      "confusion_matrix": [
        [
          10,
          0,
          0,
          0
        ],
        [
          0,
          180224,
          27356,
          0
        ],
        [
          0,
          549,
          16860,
          0
        ],
        [
          0,
          0,
          0,
          1
        ]
      ],
      "per_class_precision": [
        1.0,
        0.9969630420472084,
        0.3813099330559074,
        1.0
      ],
      "per_class_recall": [
        1.0,
        0.8682146642258406,
        0.9684645872824401,
        1.0
      ],
      "per_class_f1": [
        1.0,
        0.9281452698962027,
        0.5471805273833671,
        1.0
      ]
    }
  }
}