{
  "epochs": [
    1
  ],
  "train_loss": [],
  "val_loss": [],
  "train_accuracy": [
    0.9596297336245804
  ],
  "val_accuracy": [
    0.87667165923707
  ],
  "best_epoch": 1,
  "training_time_seconds": 43.01654005050659
}