{
  "training": {
    "training_time_seconds": 0.013445615768432617,
    "best_epoch": 1,
    "total_epochs": 1
  },
  "metrics": {
    "train": {
      "accuracy": 1.0,
      "balanced_accuracy": 1.0,
      "precision_macro": 1.0,
      "recall_macro": 1.0,
      "f1_macro": 1.0,
      "precision_weighted": 1.0,
      "recall_weighted": 1.0,
      "f1_weighted": 1.0,
      "mcc": 1.0,
      "confusion_matrix": [
        [
          216,
          0,
          0,
          0,
          0,
          0
        ],
        [
          0,
          706,
          0,
          0,
          0,
          0
        ],
        [
          0,
          0,
          175,
          0,
          0,
          0
        ],
        [
          0,
          0,
          0,
          6059,
          0,
          0
        ],
        [
          0,
          0,
          0,
          0,
          479,
          0
        ],
        [
          0,
          0,
          0,
          0,
          0,
          10
        ]
      ],
      "per_class_precision": [
        1.0,
        1.0,
        1.0,
        1.0,
        1.0,
        1.0
      ],
      "per_class_recall": [
        1.0,
        1.0,
        1.0,
        1.0,
        1.0,
        1.0
      ],
      "per_class_f1": [
        1.0,
        1.0,
        1.0,
        1.0,
        1.0,
        1.0
      ]
    },
    "val": {
      "accuracy": 0.9829164124466138,
      "balanced_accuracy": 0.8163507441595864,
      "precision_macro": 0.7993532528098471,
      "recall_macro": 0.8163507441595864,
      "f1_macro": 0.8076723082305607,
      "precision_weighted": 0.9821165725799561,
      "recall_weighted": 0.9829164124466138,
      "f1_weighted": 0.982448830859921,
      "mcc": 0.952846123540469,
      "confusion_matrix": [
        [
          46,
          0,
          0,
          1,
          0,
          0
        ],
        [
          0,
          145,
          0,
          6,
          0,
          0
        ],
        [
          0,
          0,
          36,
          1,
          0,
          0
        ],
        [
          3,
          13,
          2,
          1281,
          0,
          0
        ],
        [
          0,
          0,
          0,
          0,
          103,
          0
        ],
        [
          0,
          0,
          0,
          2,
          0,
          0
        ]
      ],
      "per_class_precision": [
        0.9387755102040817,
        0.9177215189873418,
        0.9473684210526315,
        0.9922540666150271,
        1.0,
        0.0
      ],
      "per_class_recall": [
        0.9787234042553191,
        0.9602649006622517,
        0.972972972972973,
        0.9861431870669746,
        1.0,
        0.0
      ],
      "per_class_f1": [
        0.9583333333333334,
        0.9385113268608414,
        0.96,
        0.9891891891891892,
        1.0,
        0.0
      ]
    },
    "test": {
      "accuracy": 0.9823062843197071,
      "balanced_accuracy": 0.80794444391137,
      "precision_macro": 0.8028569389418446,
      "recall_macro": 0.80794444391137,
      "f1_macro": 0.8053331010926037,
      "precision_weighted": 0.9810837211084141,
      "recall_weighted": 0.9823062843197071,
      "f1_weighted": 0.9816702961330683,
      "mcc": 0.9505387890035472,
      "confusion_matrix": [
        [
          46,
          0,
          0,
          1,
          0,
          0
        ],
        [
          0,
          141,
          0,
          10,
          0,
          0
        ],
        [
          0,
          0,
          35,
          2,
          0,
          0
        ],
        [
          2,
          7,
          2,
          1285,
          3,
          0
        ],
        [
          0,
          0,
          0,
          0,
          103,
          0
        ],
        [
          0,
          0,
          0,
          2,
          0,
          0
        ]
      ],
      "per_class_precision": [
        0.9583333333333334,
        0.9527027027027027,
        0.9459459459459459,
        0.9884615384615385,
        0.9716981132075472,
        0.0
      ],
      "per_class_recall": [
        0.9787234042553191,
        0.9337748344370861,
        0.9459459459459459,
        0.9892224788298691,
        1.0,
        0.0
      ],
      "per_class_f1": [
        0.968421052631579,
        0.9431438127090301,
        0.9459459459459459,
        0.9888418622547134,
        0.9856459330143541,
        0.0
      ]
    }
  }
}