class,total_predictions,total_errors,error_rate
MITM,80409,19950,0.24810655523635414
normal,2442511,562822,0.23042762141091688
physical fault,174090,35001,0.20105118042391867
anomaly,112,14,0.125
scan,16,2,0.125
DoS,2862,1,0.00034940600978336826
