class,total_predictions,total_errors,error_rate
scan,54,26,0.48148148148148145
anomaly,260,91,0.35
MITM,441731,148721,0.3366777518444483
physical fault,348180,88715,0.2547963696938365
normal,6417477,1568317,0.24438217698325992
DoS,142298,1555,0.010927771296855893
