class,total_predictions,total_errors,error_rate
scan,62,26,0.41935483870967744
anomaly,290,93,0.32068965517241377
MITM,518660,150246,0.2896811012995026
normal,7246310,1807066,0.24937740725969493
physical fault,382998,89372,0.23334847701554579
DoS,176680,1740,0.009848313334842653
