class,total_predictions,total_errors,error_rate
normal,1453060,328475,0.22605742364389633
physical fault,121863,17847,0.14645134290145492
scan,7,1,0.14285714285714285
anomaly,70,0,0.0
