{
  "training": {
    "training_time_seconds": 2994.3932359218597,
    "best_epoch": 4,
    "total_epochs": 7
  },
  "metrics": {
    "train": {
      "accuracy": 0.48774,
      "balanced_accuracy": 0.48911085815020233,
      "precision_macro": 0.4230855426925199,
      "recall_macro": 0.48911085815020233,
      "f1_macro": 0.35139399005727967,
      "precision_weighted": 0.8919237269746286,
      "recall_weighted": 0.48774,
      "f1_weighted": 0.6044235041965809,
      "mcc": 0.3194968271166095,
      "confusion_matrix": [
        [
          2749,
          2,
          0,
          17,
          27
        ],
        [
          0,
          42,
          0,
          82,
          4047
        ],
        [
          0,
          2,
          0,
          0,
          0
        ],
        [
          0,
          515,
          0,
          20300,
          20874
        ],
        [
          0,
          21,
          0,
          26,
          1296
        ]
      ],
      "per_class_precision": [
        1.0,
        0.07216494845360824,
        0.0,
        0.9938800489596084,
        0.04938271604938271
      ],
      "per_class_recall": [
        0.9835420393559928,
        0.01006952769120115,
        0.0,
        0.4869390006956271,
        0.9650037230081906
      ],
      "per_class_f1": [
        0.9917027417027418,
        0.017673048600883652,
        0.0,
        0.6536368612551116,
        0.09395729872766158
      ]
    },
    "val": {
      "accuracy": 0.48982,
      "balanced_accuracy": 0.4080788351092533,
      "precision_macro": 0.35519427858924146,
      "recall_macro": 0.4080788351092533,
      "f1_macro": 0.2943691374721622,
      "precision_weighted": 0.8910523342782998,
      "recall_weighted": 0.48982,
      "f1_weighted": 0.6045015739673821,
      "mcc": 0.3221447155027027,
      "confusion_matrix": [
        [
          32737,
          31,
          0,
          282,
          378,
          0
        ],
        [
          0,
          586,
          0,
          869,
          48670,
          0
        ],
        [
          0,
          17,
          0,
          0,
          0,
          0
        ],
        [
          20,
          6082,
          0,
          243698,
          249216,
          0
        ],
        [
          0,
          249,
          0,
          289,
          16871,
          0
        ],
        [
          0,
          0,
          0,
          5,
          0,
          0
        ]
      ],
      "per_class_precision": [
        0.99938944347773,
        0.08413496051687007,
        0.0,
        0.994105481290512,
        0.053535786250337156,
        0.0
      ],
      "per_class_recall": [
        0.9793287064736149,
        0.011690773067331671,
        0.0,
        0.4883570867467175,
        0.9690964443678557,
        0.0
      ],
      "per_class_f1": [
        0.9892573846037622,
        0.020528989315116482,
        0.0,
        0.6549621787816851,
        0.10146627213240955,
        0.0
      ]
    },
    "test": {
      "accuracy": 0.48990333333333336,
      "balanced_accuracy": 0.40811728870133107,
      "precision_macro": 0.35477009717696134,
      "recall_macro": 0.40811728870133107,
      "f1_macro": 0.29437393279515855,
      "precision_weighted": 0.8906691199085551,
      "recall_weighted": 0.48990333333333336,
      "f1_weighted": 0.6044862132563806,
      "mcc": 0.32212086402047807,
      "confusion_matrix": [
        [
          32808,
          19,
          0,
          261,
          340,
          0
        ],
        [
          0,
          557,
          0,
          928,
          48641,
          0
        ],
        [
          0,
          16,
          0,
          0,
          0,
          0
        ],
        [
          17,
          5963,
          0,
          243730,
          249306,
          0
        ],
        [
          0,
          254,
          0,
          308,
          16847,
          0
        ],
        [
          0,
          0,
          0,
          5,
          0,
          0
        ]
      ],
      "per_class_precision": [
        0.9994821020563595,
        0.08180349537377,
        0.0,
        0.9938751875774776,
        0.05345979805416109,
        0.0
      ],
      "per_class_recall": [
        0.9814526744046906,
        0.011111997765630611,
        0.0,
        0.48842121294707985,
        0.9677178470905853,
        0.0
      ],
      "per_class_f1": [
        0.9903853410411604,
        0.019566171950469835,
        0.0,
        0.6549698487600907,
        0.1013222350192306,
        0.0
      ]
    }
  }
}