{
  "epochs": [
    1,
    2,
    3,
    4,
    5,
    6,
    7
  ],
  "train_loss": [
    0.5023819222363297,
    0.4199909875457574,
    0.3996101413830649,
    0.3880639620077291,
    0.3821725235257612,
    0.3764252322821156,
    0.37331267960525116
  ],
  "val_loss": [
    0.7354746607196828,
    0.7580501291903481,
    0.8097436093227068,
    0.797185645427381,
    0.8491970163374394,
    0.8819528741165499,
    0.858262782989343
  ],
  "train_accuracy": [
    0.7317871428571429,
    0.7430385714285714,
    0.7453807142857143,
    0.7470939285714285,
    0.7480642857142857,
    0.7488485714285714,
    0.7487903571428571
  ],
  "val_accuracy": [
    0.6460083333333333,
    0.67813,
    0.6417683333333334,
    0.6782183333333334,
    0.6702266666666666,
    0.6740516666666667,
    0.48982
  ],
  "best_epoch": 4,
  "training_time_seconds": 2994.3932359218597
}