{
  "training": {
    "training_time_seconds": 3.1310529708862305,
    "best_epoch": 1,
    "total_epochs": 1
  },
  "metrics": {
    "train": {
      "accuracy": 1.0,
      "balanced_accuracy": 1.0,
      "precision_macro": 1.0,
      "recall_macro": 1.0,
      "f1_macro": 1.0,
      "precision_weighted": 1.0,
      "recall_weighted": 1.0,
      "f1_weighted": 1.0,
      "mcc": 1.0,
      "confusion_matrix": [
        [
          6059,
          0,
          0,
          0,
          0,
          0
        ],
        [
          0,
          6059,
          0,
          0,
          0,
          0
        ],
        [
          0,
          0,
          6059,
          0,
          0,
          0
        ],
        [
          0,
          0,
          0,
          6059,
          0,
          0
        ],
        [
          0,
          0,
          0,
          0,
          6059,
          0
        ],
        [
          0,
          0,
          0,
          0,
          0,
          6059
        ]
      ],
      "per_class_precision": [
        1.0,
        1.0,
        1.0,
        1.0,
        1.0,
        1.0
      ],
      "per_class_recall": [
        1.0,
        1.0,
        1.0,
        1.0,
        1.0,
        1.0
      ],
      "per_class_f1": [
        1.0,
        1.0,
        1.0,
        1.0,
        1.0,
        1.0
      ]
    },
    "val": {
      "accuracy": 0.984136668700427,
      "balanced_accuracy": 0.8166073518064944,
      "precision_macro": 0.8077720635415545,
      "recall_macro": 0.8166073518064944,
      "f1_macro": 0.812046335469034,
      "precision_weighted": 0.9832436909354799,
      "recall_weighted": 0.984136668700427,
      "f1_weighted": 0.9836314979801909,
      "mcc": 0.9561393791909709,
      "confusion_matrix": [
        [
          46,
          0,
          0,
          1,
          0,
          0
        ],
        [
          0,
          145,
          0,
          6,
          0,
          0
        ],
        [
          0,
          0,
          36,
          1,
          0,
          0
        ],
        [
          2,
          11,
          0,
          1283,
          3,
          0
        ],
        [
          0,
          0,
          0,
          0,
          103,
          0
        ],
        [
          0,
          1,
          0,
          1,
          0,
          0
        ]
      ],
      "per_class_precision": [
        0.9583333333333334,
        0.9235668789808917,
        1.0,
        0.9930340557275542,
        0.9716981132075472,
        0.0
      ],
      "per_class_recall": [
        0.9787234042553191,
        0.9602649006622517,
        0.972972972972973,
        0.9876828329484219,
        1.0,
        0.0
      ],
      "per_class_f1": [
        0.968421052631579,
        0.9415584415584416,
        0.9863013698630136,
        0.990351215746816,
        0.9856459330143541,
        0.0
      ]
    },
    "test": {
      "accuracy": 0.9871873093349604,
      "balanced_accuracy": 0.8074677291257341,
      "precision_macro": 0.8199655725334843,
      "recall_macro": 0.8074677291257341,
      "f1_macro": 0.8133951414659356,
      "precision_weighted": 0.9860504789399742,
      "recall_weighted": 0.9871873093349604,
      "f1_weighted": 0.9865692811103491,
      "mcc": 0.9640888231948704,
      "confusion_matrix": [
        [
          46,
          0,
          0,
          1,
          0,
          0
        ],
        [
          0,
          147,
          0,
          4,
          0,
          0
        ],
        [
          0,
          0,
          34,
          3,
          0,
          0
        ],
        [
          0,
          5,
          0,
          1290,
          4,
          0
        ],
        [
          0,
          0,
          0,
          2,
          101,
          0
        ],
        [
          0,
          0,
          0,
          2,
          0,
          0
        ]
      ],
      "per_class_precision": [
        1.0,
        0.9671052631578947,
        1.0,
        0.9907834101382489,
        0.9619047619047619,
        0.0
      ],
      "per_class_recall": [
        0.9787234042553191,
        0.9735099337748344,
        0.918918918918919,
        0.9930715935334873,
        0.9805825242718447,
        0.0
      ],
      "per_class_f1": [
        0.989247311827957,
        0.9702970297029703,
        0.9577464788732394,
        0.9919261822376009,
        0.9711538461538461,
        0.0
      ]
    }
  }
}