{
  "training": {
    "training_time_seconds": 5.308691024780273,
    "best_epoch": 1,
    "total_epochs": 1
  },
  "metrics": {
    "train": {
      "accuracy": 0.85244,
      "balanced_accuracy": 0.8523533950374083,
      "precision_macro": 0.8822810241583058,
      "recall_macro": 0.8523533950374083,
      "f1_macro": 0.843837873300666,
      "precision_weighted": 0.8817368446713392,
      "recall_weighted": 0.85244,
      "f1_weighted": 0.8435848846740996,
      "mcc": 0.818605465667639,
      "confusion_matrix": [
        [
          12425,
          0,
          0,
          0
        ],
        [
          0,
          11848,
          733,
          0
        ],
        [
          0,
          6645,
          5838,
          0
        ],
        [
          0,
          0,
          0,
          12511
        ]
      ],
      "per_class_precision": [
        1.0,
        0.6406748499432218,
        0.8884492466900015,
        1.0
      ],
      "per_class_recall": [
        1.0,
        0.9417375407360306,
        0.4676760394136025,
        1.0
      ],
      "per_class_f1": [
        1.0,
        0.7625667760828989,
        0.6127847171197649,
        1.0
      ]
    },
    "val": {
      "accuracy": 0.8996537793165363,
      "balanced_accuracy": 0.8446420715002992,
      "precision_macro": 0.8315760264894205,
      "recall_macro": 0.8446420715002992,
      "f1_macro": 0.8374177598311772,
      "precision_weighted": 0.907607573006708,
      "recall_weighted": 0.8996537793165363,
      "f1_weighted": 0.9033716858073412,
      "mcc": 0.3518456435125821,
      "confusion_matrix": [
        [
          10,
          0,
          0,
          0
        ],
        [
          0,
          194745,
          12836,
          0
        ],
        [
          0,
          9742,
          7667,
          0
        ],
        [
          0,
          0,
          0,
          1
        ]
      ],
      "per_class_precision": [
        1.0,
        0.952358829656653,
        0.37394527630102914,
        1.0
      ],
      "per_class_recall": [
        1.0,
        0.9381638974665312,
        0.44040438853466596,
        1.0
      ],
      "per_class_f1": [
        1.0,
        0.945208072454061,
        0.4044629668706478,
        1.0
      ]
    },
    "test": {
      "accuracy": 0.8990044444444445,
      "balanced_accuracy": 0.8442293526049164,
      "precision_macro": 0.8308303467750896,
      "recall_macro": 0.8442293526049164,
      "f1_macro": 0.8367961948483902,
      "precision_weighted": 0.9072802821309892,
      "recall_weighted": 0.8990044444444445,
      "f1_weighted": 0.9028669928884129,
      "mcc": 0.34947227941678666,
      "confusion_matrix": [
        [
          10,
          0,
          0,
          0
        ],
        [
          0,
          194616,
          12964,
          0
        ],
        [
          0,
          9760,
          7649,
          0
        ],
        [
          0,
          0,
          0,
          1
        ]
      ],
      "per_class_precision": [
        1.0,
        0.9522448819822288,
        0.37107650511812934,
        1.0
      ],
      "per_class_recall": [
        1.0,
        0.9375469698429522,
        0.4393704405767132,
        1.0
      ],
      "per_class_f1": [
        1.0,
        0.9448387691889425,
        0.40234601020461835,
        1.0
      ]
    }
  }
}