{
  "training": {
    "training_time_seconds": 62.28310036659241,
    "best_epoch": 13,
    "total_epochs": 18
  },
  "metrics": {
    "train": {
      "accuracy": 0.9737030313032954,
      "balanced_accuracy": 0.9737030313032954,
      "precision_macro": 0.9745400993621867,
      "recall_macro": 0.9737030313032954,
      "f1_macro": 0.973231073545738,
      "precision_weighted": 0.9745400993621866,
      "recall_weighted": 0.9737030313032954,
      "f1_weighted": 0.973231073545738,
      "mcc": 0.968775987251955,
      "confusion_matrix": [
        [
          6059,
          0,
          0,
          0,
          0,
          0
        ],
        [
          6,
          5922,
          26,
          6,
          0,
          99
        ],
        [
          0,
          0,
          6015,
          0,
          0,
          44
        ],
        [
          113,
          375,
          23,
          5284,
          131,
          133
        ],
        [
          0,
          0,
          0,
          0,
          6059,
          0
        ],
        [
          0,
          0,
          0,
          0,
          0,
          6059
        ]
      ],
      "per_class_precision": [
        0.9807381029459372,
        0.9404478323010957,
        0.991919525065963,
        0.9988657844990548,
        0.9788368336025848,
        0.9564325177584846
      ],
      "per_class_recall": [
        1.0,
        0.9773890080871431,
        0.9927380755900314,
        0.8720911041425978,
        1.0,
        1.0
      ],
      "per_class_f1": [
        0.9902753942959875,
        0.958562641631596,
        0.9923286315268498,
        0.9311833641730549,
        0.9893052494081149,
        0.9777311602388252
      ]
    },
    "val": {
      "accuracy": 0.896888346552776,
      "balanced_accuracy": 0.8089802480087416,
      "precision_macro": 0.6541202234640079,
      "recall_macro": 0.8089802480087416,
      "f1_macro": 0.7151443207821339,
      "precision_weighted": 0.9357375782515197,
      "recall_weighted": 0.896888346552776,
      "f1_weighted": 0.9073877855112649,
      "mcc": 0.7813047603606187,
      "confusion_matrix": [
        [
          47,
          0,
          0,
          0,
          0,
          0
        ],
        [
          0,
          148,
          1,
          1,
          0,
          1
        ],
        [
          0,
          0,
          37,
          0,
          0,
          0
        ],
        [
          25,
          86,
          4,
          1135,
          32,
          17
        ],
        [
          0,
          0,
          0,
          0,
          103,
          0
        ],
        [
          0,
          1,
          0,
          1,
          0,
          0
        ]
      ],
      "per_class_precision": [
        0.6527777777777778,
        0.6297872340425532,
        0.8809523809523809,
        0.9982409850483729,
        0.762962962962963,
        0.0
      ],
      "per_class_recall": [
        1.0,
        0.9801324503311258,
        1.0,
        0.8737490377213241,
        1.0,
        0.0
      ],
      "per_class_f1": [
        0.7899159663865546,
        0.7668393782383419,
        0.9367088607594937,
        0.9318555008210181,
        0.865546218487395,
        0.0
      ]
    },
    "test": {
      "accuracy": 0.896888346552776,
      "balanced_accuracy": 0.8080047990728136,
      "precision_macro": 0.6494467904150156,
      "recall_macro": 0.8080047990728136,
      "f1_macro": 0.7129149021950405,
      "precision_weighted": 0.938133855240856,
      "recall_weighted": 0.896888346552776,
      "f1_weighted": 0.9094749681327757,
      "mcc": 0.7809397393897612,
      "confusion_matrix": [
        [
          47,
          0,
          0,
          0,
          0,
          0
        ],
        [
          0,
          147,
          1,
          0,
          0,
          3
        ],
        [
          0,
          0,
          37,
          0,
          0,
          0
        ],
        [
          26,
          69,
          7,
          1136,
          34,
          27
        ],
        [
          0,
          0,
          0,
          0,
          103,
          0
        ],
        [
          0,
          0,
          0,
          2,
          0,
          0
        ]
      ],
      "per_class_precision": [
        0.6438356164383562,
        0.6805555555555556,
        0.8222222222222222,
        0.9982425307557118,
        0.7518248175182481,
        0.0
      ],
      "per_class_recall": [
        1.0,
        0.9735099337748344,
        1.0,
        0.8745188606620478,
        1.0,
        0.0
      ],
      "per_class_f1": [
        0.7833333333333333,
        0.8010899182561307,
        0.9024390243902439,
        0.9322938038572015,
        0.8583333333333333,
        0.0
      ]
    }
  }
}