{
  "epochs": [
    1,
    2,
    3,
    4,
    5,
    6,
    7,
    8,
    9,
    10,
    11,
    12,
    13,
    14,
    15,
    16,
    17,
    18
  ],
  "train_loss": [
    0.5938150861734551,
    0.2930813314773439,
    0.23125177941883976,
    0.20060047271025155,
    0.18354007377773776,
    0.16952031313038413,
    0.1580509569471528,
    0.15077512181093114,
    0.14174353690842442,
    0.138034811540688,
    0.13366263346545615,
    0.12790641827149027,
    0.12804875110215125,
    0.19152851764780013,
    0.13022122009887732,
    0.12265152599808668,
    0.11616939551045793,
    0.1113899331065421
  ],
  "val_loss": [
    0.7224270768686356,
    0.4670746145159679,
    0.5000912973326542,
    0.4849341379170595,
    0.38133112343438447,
    0.37923972398642725,
    0.38471092837405246,
    0.3796390116832982,
    0.3098321957167072,
    0.29098756326097697,
    0.3113768231839651,
    0.32947334784462073,
    0.2590401468797382,
    0.33185020994674586,
    0.3125723393371441,
    0.3070178995769223,
    0.2942657303849214,
    0.32916111826823935
  ],
  "train_accuracy": [
    0.795208230180998,
    0.900891236177587,
    0.9220718490399956,
    0.9317269076305221,
    0.9384111789624251,
    0.9434450129284261,
    0.9479837156846564,
    0.9500467623920339,
    0.9533751444132695,
    0.95387027562304,
    0.957088628486549,
    0.9582439346426803,
    0.9576937888540463,
    0.9359355229135721,
    0.95662100456621,
    0.9601419376134676,
    0.9623700280574352,
    0.9641029872916322
  ],
  "val_accuracy": [
    0.7101891397193411,
    0.8273337400854179,
    0.8187919463087249,
    0.8352654057352044,
    0.8553996339231239,
    0.8627211714460037,
    0.8730933496034167,
    0.8816351433801098,
    0.8889566809029896,
    0.9042098840756558,
    0.8901769371568029,
    0.8993288590604027,
    0.9212934716290421,
    0.8907870652837095,
    0.8932275777913362,
    0.8981086028065893,
    0.8962782184258694,
    0.896888346552776
  ],
  "best_epoch": 13,
  "training_time_seconds": 62.28310036659241
}