{
  "training": {
    "training_time_seconds": 755.9691512584686,
    "best_epoch": 1,
    "total_epochs": 1
  },
  "metrics": {
    "train": {
      "accuracy": 0.9415,
      "balanced_accuracy": 0.9418352003240186,
      "precision_macro": 0.9494614538965406,
      "recall_macro": 0.9418352003240186,
      "f1_macro": 0.9386156005849867,
      "precision_weighted": 0.9496132508437678,
      "recall_weighted": 0.9415,
      "f1_weighted": 0.9384965416629132,
      "mcc": 0.9323124753743983,
      "confusion_matrix": [
        [
          8223,
          0,
          0,
          0,
          2,
          0
        ],
        [
          0,
          8253,
          1,
          11,
          88,
          0
        ],
        [
          0,
          0,
          8350,
          0,
          0,
          0
        ],
        [
          0,
          1333,
          0,
          5644,
          1409,
          0
        ],
        [
          0,
          80,
          0,
          1,
          8184,
          0
        ],
        [
          0,
          0,
          0,
          0,
          0,
          8421
        ]
      ],
      "per_class_precision": [
        1.0,
        0.8538175046554934,
        0.999880253861813,
        0.9978783592644979,
        0.8451926055974388,
        1.0
      ],
      "per_class_recall": [
        0.999756838905775,
        0.9880282533221597,
        1.0,
        0.6730264726925829,
        0.9901996370235935,
        1.0
      ],
      "per_class_f1": [
        0.9998784046692607,
        0.9160330761973472,
        0.9999401233459074,
        0.8038740920096852,
        0.91196790728772,
        1.0
      ]
    },
    "val": {
      "accuracy": 0.7049626666666666,
      "balanced_accuracy": 0.88318708162936,
      "precision_macro": 0.6973631957748907,
      "recall_macro": 0.88318708162936,
      "f1_macro": 0.7059674008523616,
      "precision_weighted": 0.9162469700747102,
      "recall_weighted": 0.7049626666666666,
      "f1_weighted": 0.7591004635498732,
      "mcc": 0.46545078474721374,
      "confusion_matrix": [
        [
          949,
          0,
          0,
          1,
          3,
          0
        ],
        [
          0,
          26373,
          9,
          89,
          332,
          0
        ],
        [
          0,
          0,
          15,
          0,
          0,
          0
        ],
        [
          5,
          50645,
          0,
          219855,
          59312,
          0
        ],
        [
          0,
          178,
          0,
          64,
          17167,
          0
        ],
        [
          0,
          0,
          0,
          1,
          0,
          2
        ]
      ],
      "per_class_precision": [
        0.9947589098532494,
        0.34163687237680707,
        0.625,
        0.9992954865687923,
        0.223487905850496,
        1.0
      ],
      "per_class_recall": [
        0.9958027282266527,
        0.9839570197365967,
        1.0,
        0.6665969310253868,
        0.986099144120857,
        0.6666666666666666
      ],
      "per_class_f1": [
        0.995280545359203,
        0.5071779536341695,
        0.7692307692307693,
        0.7997242769089187,
        0.36439085998110865,
        0.8
      ]
    },
    "test": {
      "accuracy": 0.705824,
      "balanced_accuracy": 0.8723961225672053,
      "precision_macro": 0.6739017092338253,
      "recall_macro": 0.8723961225672053,
      "f1_macro": 0.6843197981233472,
      "precision_weighted": 0.9164701713167134,
      "recall_weighted": 0.705824,
      "f1_weighted": 0.7598250753611057,
      "mcc": 0.4665029169535722,
      "confusion_matrix": [
        [
          954,
          0,
          0,
          0,
          0,
          0
        ],
        [
          0,
          26368,
          14,
          85,
          336,
          0
        ],
        [
          0,
          1,
          13,
          0,
          0,
          0
        ],
        [
          4,
          50381,
          0,
          220149,
          59283,
          0
        ],
        [
          0,
          173,
          0,
          38,
          17198,
          0
        ],
        [
          0,
          0,
          0,
          1,
          0,
          2
        ]
      ],
      "per_class_precision": [
        0.9958246346555324,
        0.3427843427843428,
        0.48148148148148145,
        0.9994370621910085,
        0.22388273429058672,
        1.0
      ],
      "per_class_recall": [
        1.0,
        0.983770473454464,
        0.9285714285714286,
        0.6674883344400077,
        0.9878798322706646,
        0.6666666666666666
      ],
      "per_class_f1": [
        0.997907949790795,
        0.5084164047586912,
        0.6341463414634146,
        0.8004108418622408,
        0.3650372508649417,
        0.8
      ]
    }
  }
}