{
  "epochs": [
    1
  ],
  "train_loss": [],
  "val_loss": [],
  "train_accuracy": [
    0.9408451494250484
  ],
  "val_accuracy": [
    0.7049626666666666
  ],
  "best_epoch": 1,
  "training_time_seconds": 755.9691512584686
}