{
  "training": {
    "training_time_seconds": 22.719808101654053,
    "best_epoch": 17,
    "total_epochs": 20
  },
  "metrics": {
    "train": {
      "accuracy": 0.964405567475381,
      "balanced_accuracy": 0.964405567475381,
      "precision_macro": 0.9653572193175094,
      "recall_macro": 0.964405567475381,
      "f1_macro": 0.9638232011069437,
      "precision_weighted": 0.9653572193175094,
      "recall_weighted": 0.964405567475381,
      "f1_weighted": 0.9638232011069437,
      "mcc": 0.957684688958608,
      "confusion_matrix": [
        [
          6059,
          0,
          0,
          0,
          0,
          0
        ],
        [
          53,
          5764,
          0,
          51,
          0,
          191
        ],
        [
          0,
          0,
          5977,
          0,
          0,
          82
        ],
        [
          133,
          384,
          83,
          5184,
          98,
          177
        ],
        [
          0,
          0,
          34,
          8,
          6017,
          0
        ],
        [
          0,
          0,
          0,
          0,
          0,
          6059
        ]
      ],
      "per_class_precision": [
        0.9702161729383507,
        0.937540663630449,
        0.9808007876599935,
        0.9887469006294106,
        0.9839738348323794,
        0.9308649562144723
      ],
      "per_class_recall": [
        1.0,
        0.9513120977058921,
        0.9864664135996039,
        0.8555867304835781,
        0.9930681630632118,
        1.0
      ],
      "per_class_f1": [
        0.9848829648894668,
        0.9443761776030146,
        0.9836254422776269,
        0.917359759334631,
        0.9885000821422704,
        0.9641947803946531
      ]
    },
    "val": {
      "accuracy": 0.8810250152532032,
      "balanced_accuracy": 0.7939256351484284,
      "precision_macro": 0.6178626584813075,
      "recall_macro": 0.7939256351484284,
      "f1_macro": 0.6855878722352472,
      "precision_weighted": 0.9326327949130846,
      "recall_weighted": 0.8810250152532032,
      "f1_weighted": 0.8976029822458378,
      "mcc": 0.7526056898049759,
      "confusion_matrix": [
        [
          47,
          0,
          0,
          0,
          0,
          0
        ],
        [
          1,
          142,
          1,
          1,
          0,
          6
        ],
        [
          0,
          0,
          36,
          0,
          0,
          1
        ],
        [
          31,
          75,
          17,
          1117,
          26,
          33
        ],
        [
          0,
          0,
          0,
          1,
          102,
          0
        ],
        [
          0,
          1,
          0,
          1,
          0,
          0
        ]
      ],
      "per_class_precision": [
        0.5949367088607594,
        0.6513761467889908,
        0.6666666666666666,
        0.9973214285714286,
        0.796875,
        0.0
      ],
      "per_class_recall": [
        1.0,
        0.9403973509933775,
        0.972972972972973,
        0.8598922247882987,
        0.9902912621359223,
        0.0
      ],
      "per_class_f1": [
        0.746031746031746,
        0.7696476964769647,
        0.7912087912087912,
        0.9235221165770979,
        0.8831168831168831,
        0.0
      ]
    },
    "test": {
      "accuracy": 0.8785845027455765,
      "balanced_accuracy": 0.7988040347522171,
      "precision_macro": 0.6198380618774496,
      "recall_macro": 0.7988040347522171,
      "f1_macro": 0.6888816283010555,
      "precision_weighted": 0.9325112629618503,
      "recall_weighted": 0.8785845027455765,
      "f1_weighted": 0.8955327164254604,
      "mcc": 0.7514875454839285,
      "confusion_matrix": [
        [
          47,
          0,
          0,
          0,
          0,
          0
        ],
        [
          1,
          146,
          0,
          1,
          0,
          3
        ],
        [
          0,
          0,
          36,
          0,
          0,
          1
        ],
        [
          29,
          76,
          17,
          1108,
          30,
          39
        ],
        [
          0,
          0,
          0,
          0,
          103,
          0
        ],
        [
          0,
          0,
          0,
          2,
          0,
          0
        ]
      ],
      "per_class_precision": [
        0.6103896103896104,
        0.6576576576576577,
        0.6792452830188679,
        0.9972997299729973,
        0.7744360902255639,
        0.0
      ],
      "per_class_recall": [
        1.0,
        0.9668874172185431,
        0.972972972972973,
        0.852963818321786,
        1.0,
        0.0
      ],
      "per_class_f1": [
        0.7580645161290323,
        0.7828418230563002,
        0.8,
        0.9195020746887966,
        0.8728813559322034,
        0.0
      ]
    }
  }
}