{
  "epochs": [
    1,
    2,
    3,
    4,
    5,
    6,
    7,
    8,
    9,
    10,
    11,
    12,
    13,
    14,
    15,
    16,
    17,
    18,
    19,
    20
  ],
  "train_loss": [
    0.7216968767751973,
    0.4047161890229173,
    0.33631051889824487,
    0.3021338698349423,
    0.2796266029237448,
    0.26678144495669665,
    0.24565383085108253,
    0.23907372830442294,
    0.2316435967602929,
    0.22199820747645427,
    0.20969275238031654,
    0.20729785422756247,
    0.1943599351687866,
    0.19376124747156107,
    0.19080897536274885,
    0.18334942464880433,
    0.1831529532786859,
    0.17995137920957813,
    0.17816157235940272,
    0.1763746168128517
  ],
  "val_loss": [
    0.7553651819074932,
    0.5862466022326788,
    0.5043766322551958,
    0.4731587052454375,
    0.43281727127362635,
    0.43030175699410894,
    0.46661291779214975,
    0.430270176896822,
    0.3895863131861486,
    0.42491178601852925,
    0.3826670880594801,
    0.38285415894633174,
    0.3829695100579559,
    0.35177219490440537,
    0.42210287763041066,
    0.3567321740086301,
    0.32344123742488046,
    0.35221476797434964,
    0.3324833644498333,
    0.35807947098045106
  ],
  "train_accuracy": [
    0.7453925290201904,
    0.8587500687682236,
    0.8817186554436925,
    0.8967926500522638,
    0.9042196181988227,
    0.9079055949826704,
    0.9180007702041041,
    0.9180832920723991,
    0.9214391813830665,
    0.9256753039555482,
    0.9286735985036034,
    0.9312867909996149,
    0.9346976948891457,
    0.935027782362326,
    0.9378060185949276,
    0.939236397645376,
    0.9395939924079881,
    0.9399790944600319,
    0.9410793860372999,
    0.9420421411674094
  ],
  "val_accuracy": [
    0.6790726052471019,
    0.773032336790726,
    0.8157413056741916,
    0.835875533862111,
    0.8468578401464307,
    0.839536302623551,
    0.8328248932275778,
    0.8596705308114704,
    0.8608907870652837,
    0.8401464307504576,
    0.8700427089688835,
    0.8645515558267236,
    0.8700427089688835,
    0.8773642464917633,
    0.8572300183038438,
    0.8779743746186699,
    0.8907870652837095,
    0.8804148871262966,
    0.8895668090298963,
    0.8810250152532032
  ],
  "best_epoch": 17,
  "training_time_seconds": 22.719808101654053
}