{
  "training": {
    "training_time_seconds": 0.00878286361694336,
    "best_epoch": 1,
    "total_epochs": 1
  },
  "metrics": {
    "train": {
      "accuracy": 1.0,
      "balanced_accuracy": 1.0,
      "precision_macro": 1.0,
      "recall_macro": 1.0,
      "f1_macro": 1.0,
      "precision_weighted": 1.0,
      "recall_weighted": 1.0,
      "f1_weighted": 1.0,
      "mcc": 1.0,
      "confusion_matrix": [
        [
          6059,
          0,
          0,
          0,
          0,
          0
        ],
        [
          0,
          6059,
          0,
          0,
          0,
          0
        ],
        [
          0,
          0,
          6059,
          0,
          0,
          0
        ],
        [
          0,
          0,
          0,
          6059,
          0,
          0
        ],
        [
          0,
          0,
          0,
          0,
          6059,
          0
        ],
        [
          0,
          0,
          0,
          0,
          0,
          6059
        ]
      ],
      "per_class_precision": [
        1.0,
        1.0,
        1.0,
        1.0,
        1.0,
        1.0
      ],
      "per_class_recall": [
        1.0,
        1.0,
        1.0,
        1.0,
        1.0,
        1.0
      ],
      "per_class_f1": [
        1.0,
        1.0,
        1.0,
        1.0,
        1.0,
        1.0
      ]
    },
    "val": {
      "accuracy": 0.9743746186699207,
      "balanced_accuracy": 0.8238249797141252,
      "precision_macro": 0.773520372924526,
      "recall_macro": 0.8238249797141252,
      "f1_macro": 0.7971620906178866,
      "precision_weighted": 0.9765457100847801,
      "recall_weighted": 0.9743746186699207,
      "f1_weighted": 0.9746513022132318,
      "mcc": 0.9333171014970268,
      "confusion_matrix": [
        [
          47,
          0,
          0,
          0,
          0,
          0
        ],
        [
          0,
          151,
          0,
          0,
          0,
          0
        ],
        [
          0,
          0,
          36,
          1,
          0,
          0
        ],
        [
          4,
          25,
          3,
          1260,
          6,
          1
        ],
        [
          0,
          0,
          0,
          0,
          103,
          0
        ],
        [
          0,
          1,
          0,
          1,
          0,
          0
        ]
      ],
      "per_class_precision": [
        0.9215686274509803,
        0.8531073446327684,
        0.9230769230769231,
        0.9984152139461173,
        0.944954128440367,
        0.0
      ],
      "per_class_recall": [
        1.0,
        1.0,
        0.972972972972973,
        0.9699769053117783,
        1.0,
        0.0
      ],
      "per_class_f1": [
        0.9591836734693877,
        0.9207317073170732,
        0.9473684210526315,
        0.9839906286606794,
        0.9716981132075472,
        0.0
      ]
    },
    "test": {
      "accuracy": 0.9792556436851739,
      "balanced_accuracy": 0.8248514103017568,
      "precision_macro": 0.7954792905562829,
      "recall_macro": 0.8248514103017568,
      "f1_macro": 0.8095371821027927,
      "precision_weighted": 0.9827821832363403,
      "recall_weighted": 0.9792556436851739,
      "f1_weighted": 0.9806560577291704,
      "mcc": 0.9450273666048844,
      "confusion_matrix": [
        [
          47,
          0,
          0,
          0,
          0,
          0
        ],
        [
          0,
          151,
          0,
          0,
          0,
          0
        ],
        [
          0,
          0,
          36,
          1,
          0,
          0
        ],
        [
          2,
          14,
          1,
          1268,
          8,
          6
        ],
        [
          0,
          0,
          0,
          0,
          103,
          0
        ],
        [
          0,
          0,
          0,
          2,
          0,
          0
        ]
      ],
      "per_class_precision": [
        0.9591836734693877,
        0.9151515151515152,
        0.972972972972973,
        0.997639653815893,
        0.9279279279279279,
        0.0
      ],
      "per_class_recall": [
        1.0,
        1.0,
        0.972972972972973,
        0.9761354888375674,
        1.0,
        0.0
      ],
      "per_class_f1": [
        0.9791666666666666,
        0.9556962025316456,
        0.972972972972973,
        0.9867704280155642,
        0.9626168224299065,
        0.0
      ]
    }
  }
}