{
  "training": {
    "training_time_seconds": 66.53597974777222,
    "best_epoch": 14,
    "total_epochs": 17
  },
  "metrics": {
    "train": {
      "accuracy": 0.9429692609548724,
      "balanced_accuracy": 0.7048260329645734,
      "precision_macro": 0.7627130612121539,
      "recall_macro": 0.7048260329645734,
      "f1_macro": 0.7309973461388867,
      "precision_weighted": 0.9415675586686556,
      "recall_weighted": 0.9429692609548724,
      "f1_weighted": 0.9417969840645597,
      "mcc": 0.8370631694768335,
      "confusion_matrix": [
        [
          170,
          11,
          0,
          35,
          0,
          0
        ],
        [
          0,
          578,
          0,
          128,
          0,
          0
        ],
        [
          0,
          10,
          134,
          20,
          11,
          0
        ],
        [
          14,
          112,
          5,
          5904,
          24,
          0
        ],
        [
          0,
          0,
          0,
          56,
          423,
          0
        ],
        [
          0,
          1,
          1,
          8,
          0,
          0
        ]
      ],
      "per_class_precision": [
        0.9239130434782609,
        0.8117977528089888,
        0.9571428571428572,
        0.9598439278166152,
        0.9235807860262009,
        0.0
      ],
      "per_class_recall": [
        0.7870370370370371,
        0.8186968838526912,
        0.7657142857142857,
        0.9744182208285196,
        0.8830897703549061,
        0.0
      ],
      "per_class_f1": [
        0.85,
        0.8152327221438646,
        0.8507936507936508,
        0.9670761670761671,
        0.9028815368196371,
        0.0
      ]
    },
    "val": {
      "accuracy": 0.9524100061012812,
      "balanced_accuracy": 0.7512812458511786,
      "precision_macro": 0.7663434900418115,
      "recall_macro": 0.7512812458511786,
      "f1_macro": 0.7579448562968899,
      "precision_weighted": 0.9511815223334634,
      "recall_weighted": 0.9524100061012812,
      "f1_weighted": 0.951668412946028,
      "mcc": 0.8661143875281619,
      "confusion_matrix": [
        [
          44,
          1,
          0,
          2,
          0,
          0
        ],
        [
          0,
          125,
          0,
          26,
          0,
          0
        ],
        [
          0,
          2,
          31,
          3,
          1,
          0
        ],
        [
          5,
          21,
          1,
          1265,
          7,
          0
        ],
        [
          0,
          0,
          0,
          7,
          96,
          0
        ],
        [
          0,
          0,
          0,
          2,
          0,
          0
        ]
      ],
      "per_class_precision": [
        0.8979591836734694,
        0.8389261744966443,
        0.96875,
        0.9693486590038314,
        0.9230769230769231,
        0.0
      ],
      "per_class_recall": [
        0.9361702127659575,
        0.8278145695364238,
        0.8378378378378378,
        0.9738260200153964,
        0.9320388349514563,
        0.0
      ],
      "per_class_f1": [
        0.9166666666666666,
        0.8333333333333334,
        0.8985507246376812,
        0.9715821812596006,
        0.927536231884058,
        0.0
      ]
    },
    "test": {
      "accuracy": 0.947528981086028,
      "balanced_accuracy": 0.7068212548962048,
      "precision_macro": 0.7723861629718242,
      "recall_macro": 0.7068212548962048,
      "f1_macro": 0.7352394468341976,
      "precision_weighted": 0.9465314046659611,
      "recall_weighted": 0.947528981086028,
      "f1_weighted": 0.9463419825239698,
      "mcc": 0.8503782160004999,
      "confusion_matrix": [
        [
          37,
          4,
          0,
          6,
          0,
          0
        ],
        [
          0,
          126,
          0,
          25,
          0,
          0
        ],
        [
          0,
          1,
          27,
          6,
          3,
          0
        ],
        [
          1,
          21,
          1,
          1269,
          7,
          0
        ],
        [
          0,
          0,
          0,
          9,
          94,
          0
        ],
        [
          0,
          0,
          0,
          2,
          0,
          0
        ]
      ],
      "per_class_precision": [
        0.9736842105263158,
        0.8289473684210527,
        0.9642857142857143,
        0.9635535307517085,
        0.9038461538461539,
        0.0
      ],
      "per_class_recall": [
        0.7872340425531915,
        0.8344370860927153,
        0.7297297297297297,
        0.976905311778291,
        0.912621359223301,
        0.0
      ],
      "per_class_f1": [
        0.8705882352941177,
        0.8316831683168316,
        0.8307692307692308,
        0.9701834862385321,
        0.9082125603864735,
        0.0
      ]
    }
  }
}