{
  "epochs": [
    1,
    2,
    3,
    4,
    5,
    6,
    7,
    8,
    9,
    10,
    11,
    12,
    13,
    14,
    15,
    16,
    17
  ],
  "train_loss": [
    0.6654238623096087,
    0.4663971581905008,
    0.38274840675903504,
    0.3354993143488645,
    0.30600792129223764,
    0.2829518356203955,
    0.26496646418884895,
    0.2461400854911112,
    0.2317740643312917,
    0.21016400065626328,
    0.1981240121541731,
    0.19455717324021596,
    0.1903783766622244,
    0.1770441839221726,
    0.17314806154120818,
    0.16389834585875526,
    0.1796222760737371
  ],
  "val_loss": [
    0.46524684768467867,
    0.40015539226916014,
    0.2987569897657782,
    0.28008247830105526,
    0.2673313826540754,
    0.22940997983021588,
    0.21248694807927443,
    0.21522385568390393,
    0.17883914719091965,
    0.17679549547740786,
    0.16882666234720256,
    0.19319366302075294,
    0.14905024987780116,
    0.15930404802278603,
    0.1929590533430108,
    0.15894352246696372,
    0.1486131631274315
  ],
  "train_accuracy": [
    0.7924133420536298,
    0.8349247874427731,
    0.8589928057553957,
    0.8744277305428385,
    0.8817527795945063,
    0.8892086330935252,
    0.8930019620667102,
    0.8995421844342708,
    0.907782864617397,
    0.9151079136690647,
    0.9174623937213865,
    0.920863309352518,
    0.9241334205362982,
    0.928973185088293,
    0.9318508829300196,
    0.9318508829300196,
    0.9291039895356442
  ],
  "val_accuracy": [
    0.8346552776082977,
    0.8584502745576571,
    0.8779743746186699,
    0.8962782184258694,
    0.9029896278218426,
    0.9090909090909091,
    0.9133618059792556,
    0.9237339841366687,
    0.9414276998169616,
    0.9359365466748018,
    0.9420378279438683,
    0.9328859060402684,
    0.9517998779743746,
    0.9530201342281879,
    0.9341061622940817,
    0.9487492373398414,
    0.9524100061012812
  ],
  "best_epoch": 14,
  "training_time_seconds": 66.53597974777222
}