{
  "training": {
    "training_time_seconds": 49.3268940448761,
    "best_epoch": 15,
    "total_epochs": 20
  },
  "metrics": {
    "train": {
      "accuracy": 0.9656984100786709,
      "balanced_accuracy": 0.9656984100786709,
      "precision_macro": 0.9675207571657666,
      "recall_macro": 0.9656984100786709,
      "f1_macro": 0.9652412555228387,
      "precision_weighted": 0.9675207571657667,
      "recall_weighted": 0.9656984100786709,
      "f1_weighted": 0.9652412555228389,
      "mcc": 0.9593556129904389,
      "confusion_matrix": [
        [
          5999,
          60,
          0,
          0,
          0,
          0
        ],
        [
          0,
          5979,
          0,
          0,
          0,
          80
        ],
        [
          0,
          83,
          5855,
          0,
          0,
          121
        ],
        [
          106,
          428,
          66,
          5178,
          95,
          186
        ],
        [
          0,
          0,
          22,
          0,
          6037,
          0
        ],
        [
          0,
          0,
          0,
          0,
          0,
          6059
        ]
      ],
      "per_class_precision": [
        0.9826371826371826,
        0.9128244274809161,
        0.9851926636378934,
        1.0,
        0.9845075016307893,
        0.9399627676078188
      ],
      "per_class_recall": [
        0.9900973758045882,
        0.9867965010727843,
        0.9663310777355999,
        0.854596468064037,
        0.9963690377950157,
        1.0
      ],
      "per_class_f1": [
        0.9863531732982571,
        0.9483702117535094,
        0.9756707215464089,
        0.9215982913589036,
        0.9904027561315725,
        0.9690523790483806
      ]
    },
    "val": {
      "accuracy": 0.8859060402684564,
      "balanced_accuracy": 0.8032700274414482,
      "precision_macro": 0.6482242033469138,
      "recall_macro": 0.8032700274414482,
      "f1_macro": 0.709846831970618,
      "precision_weighted": 0.9372048130202643,
      "recall_weighted": 0.8859060402684564,
      "f1_weighted": 0.9019638397002128,
      "mcc": 0.7650485055251319,
      "confusion_matrix": [
        [
          47,
          0,
          0,
          0,
          0,
          0
        ],
        [
          0,
          149,
          0,
          0,
          0,
          2
        ],
        [
          0,
          0,
          36,
          0,
          0,
          1
        ],
        [
          19,
          89,
          12,
          1117,
          25,
          37
        ],
        [
          0,
          0,
          0,
          0,
          103,
          0
        ],
        [
          0,
          1,
          0,
          1,
          0,
          0
        ]
      ],
      "per_class_precision": [
        0.7121212121212122,
        0.6234309623430963,
        0.75,
        0.9991055456171736,
        0.8046875,
        0.0
      ],
      "per_class_recall": [
        1.0,
        0.9867549668874173,
        0.972972972972973,
        0.8598922247882987,
        1.0,
        0.0
      ],
      "per_class_f1": [
        0.831858407079646,
        0.764102564102564,
        0.8470588235294118,
        0.9242863053371949,
        0.8917748917748918,
        0.0
      ]
    },
    "test": {
      "accuracy": 0.8700427089688835,
      "balanced_accuracy": 0.7902062777336166,
      "precision_macro": 0.6205684326326689,
      "recall_macro": 0.7902062777336166,
      "f1_macro": 0.686413346324401,
      "precision_weighted": 0.9310302604327071,
      "recall_weighted": 0.8700427089688835,
      "f1_weighted": 0.8893532216512586,
      "mcc": 0.7396506212688944,
      "confusion_matrix": [
        [
          47,
          0,
          0,
          0,
          0,
          0
        ],
        [
          0,
          148,
          0,
          0,
          0,
          3
        ],
        [
          0,
          0,
          34,
          0,
          0,
          3
        ],
        [
          23,
          87,
          17,
          1094,
          33,
          45
        ],
        [
          0,
          0,
          0,
          0,
          103,
          0
        ],
        [
          0,
          0,
          0,
          2,
          0,
          0
        ]
      ],
      "per_class_precision": [
        0.6714285714285714,
        0.6297872340425532,
        0.6666666666666666,
        0.9981751824817519,
        0.7573529411764706,
        0.0
      ],
      "per_class_recall": [
        1.0,
        0.9801324503311258,
        0.918918918918919,
        0.8421862971516552,
        1.0,
        0.0
      ],
      "per_class_f1": [
        0.8034188034188035,
        0.7668393782383419,
        0.7727272727272727,
        0.9135699373695199,
        0.8619246861924686,
        0.0
      ]
    }
  }
}