{
  "epochs": [
    1,
    2,
    3,
    4,
    5,
    6,
    7,
    8,
    9,
    10,
    11,
    12,
    13,
    14,
    15,
    16,
    17,
    18,
    19,
    20
  ],
  "train_loss": [
    0.6579929685647741,
    0.3623064270459983,
    0.29830401127518236,
    0.26554295046334614,
    0.24388944495397805,
    0.2263614754721546,
    0.21792621054474642,
    0.20725912903377888,
    0.20001265361684578,
    0.1923014132924197,
    0.18374314584006451,
    0.18044353278745562,
    0.17828187642399415,
    0.16956401474799707,
    0.16783947200968483,
    0.16392491372654577,
    0.16274322688074574,
    0.15585741950135987,
    0.15760290707640504,
    0.15197874000821168
  ],
  "val_loss": [
    0.812572830184485,
    0.5790123597305675,
    0.5609327042662857,
    0.5030723279609122,
    0.47953473121527856,
    0.49206663272670303,
    0.4148505553375882,
    0.44843227609473807,
    0.4064979570678562,
    0.40921067892414104,
    0.3841600356449653,
    0.3823527819667377,
    0.3505862053208703,
    0.37542097900537835,
    0.30338857957980775,
    0.3739747955640545,
    0.346963961779744,
    0.3310132911877708,
    0.3139402278135869,
    0.35001913904052745
  ],
  "train_accuracy": [
    0.7707542498762172,
    0.8761346756890576,
    0.8992407988116851,
    0.9091159157176651,
    0.917643175441492,
    0.9224294438026077,
    0.9269956538482698,
    0.9305165868955273,
    0.9326346481817682,
    0.9371183363591352,
    0.9387687737250371,
    0.9407492985641195,
    0.9411894151950266,
    0.9440226660064918,
    0.9446828409528525,
    0.9462507564504594,
    0.9457556252406888,
    0.9493315728668097,
    0.9482862958684052,
    0.9510095175221434
  ],
  "val_accuracy": [
    0.6839536302623551,
    0.7687614399023796,
    0.8023184868822453,
    0.8169615619280048,
    0.8456375838926175,
    0.8212324588163514,
    0.848078096400244,
    0.839536302623551,
    0.8615009151921904,
    0.860280658938377,
    0.8706528370957901,
    0.862111043319097,
    0.8804148871262966,
    0.8651616839536302,
    0.8926174496644296,
    0.8773642464917633,
    0.8828553996339231,
    0.8901769371568029,
    0.8901769371568029,
    0.8859060402684564
  ],
  "best_epoch": 15,
  "training_time_seconds": 49.3268940448761
}